{
  "generated_at": "2026-04-20T22:27:03.169798+00:00",
  "ticker_count": 864,
  "result_count": 854,
  "usd_krw": 1472.5899658203125
}