{
  "generated_at": "2026-04-21T14:18:24.573186+00:00",
  "ticker_count": 864,
  "result_count": 853,
  "usd_krw": 1483.8599853515625
}