ticker,name,market_cap,sector,industry,website,employees,price,sma50,sma200,disparity_200,rsi14,rsi14_prev,rsi14_min_10,bb_upper,bb_lower,vol_ratio,tenkan,kijun,cloud_top,cloud_bot,c1_below_sma200,c4_bb_signal,c5_volume,c6a_tenkan_cross,c6b_below_cloud,c6c_cloud_breakout,c6d_inside_cloud,win_rate,win_events
082270.KQ,젬백스,576912644.0,,,,,19410.0,31100.2,39667.3,-51.068,25.534,27.394,25.534,28066.754,19394.246,0.979,23180.0,28180.0,37375.0,35675.0,True,True,False,False,True,False,False,75.0,8
CSGP,CoStar Group,13420791833.0,Real Estate,Real Estate Services,https://www.costargroup.com,8441.0,31.97,39.612,64.189,-50.194,28.368,31.45,28.368,40.806,30.897,1.146,33.935,36.455,54.63,42.28,True,False,False,False,True,False,False,0.0,22
TTD,Trade Desk (The),10269088817.0,,,,,20.49,23.541,39.169,-47.688,36.207,38.814,36.207,25.33,21.034,0.946,22.35,22.305,28.665,24.238,True,False,False,False,True,False,False,30.0,30
PODD,Insulet Corporation,10309354078.0,Healthcare,Medical Devices,https://www.insulet.com,5400.0,148.84,201.707,276.926,-46.253,28.887,32.895,22.462,211.914,139.915,1.247,161.812,177.293,242.755,218.168,True,False,False,False,True,False,False,0.0,10
EPAM,EPAM Systems,4722375926.0,Technology,Information Technology Services,https://www.epam.com,62750.0,90.39,126.716,163.232,-44.625,13.539,15.585,13.539,138.216,89.192,1.606,102.78,113.225,173.915,137.43,True,False,False,False,True,False,False,22.2,18
348370.KQ,엔켐,558285899.0,Industrials,Electrical Equipment & Parts,https://www.enchem.net,,37950.0,46134.0,66916.0,-43.287,37.289,39.189,37.289,52847.866,35922.134,0.387,42800.0,45250.0,67475.0,46675.0,True,False,False,False,True,False,False,30.8,13
347850.KQ,디앤디파마텍,2005775957.0,Healthcare,Biotechnology,https://www.ddpharmatech.com,,68200.0,76544.0,119546.625,-42.951,37.237,41.276,37.237,85327.224,67562.776,1.085,73600.0,77750.0,86250.0,78000.0,True,False,False,False,True,False,False,28.6,7
ZTS,Zoetis,51605870416.0,,,,,74.34,113.655,128.804,-42.284,11.939,12.7,11.939,139.838,74.536,1.431,95.27,98.805,122.358,118.365,True,False,False,False,True,False,False,31.2,16
TSCO,Tractor Supply,23570342930.0,,,,,29.85,42.238,51.709,-42.273,16.076,17.243,14.598,45.147,26.198,0.765,32.345,37.71,49.63,46.45,True,False,False,False,True,False,False,,2
NOW,ServiceNow,89775361400.0,Technology,Software - Application,https://www.servicenow.com,29187.0,87.05,100.71,145.843,-40.312,40.297,42.551,39.861,101.425,83.137,0.804,90.815,93.41,117.315,107.557,True,False,False,False,True,False,False,26.9,26
BSX,Boston Scientific,78856454361.0,Healthcare,Medical Devices,https://www.bostonscientific.com,59000.0,53.06,63.733,87.99,-39.697,30.449,32.413,29.447,66.173,50.858,0.904,55.495,59.845,77.825,67.42,True,False,False,False,True,False,False,0.0,15
WDAY,"Workday, Inc.",26867400000.0,,,,,116.5,128.182,191.274,-39.093,41.214,43.025,41.214,132.628,114.6,1.088,122.952,121.86,155.885,132.875,True,False,False,False,True,False,False,18.5,27
FISV,Fiserv,27926511247.0,,,,,52.37,58.595,85.263,-38.578,30.288,35.726,30.288,67.174,52.753,1.188,58.1,58.73,60.41,57.072,True,False,False,False,True,False,False,13.3,30
CHTR,Charter Communications,17830685385.0,Communication Services,Telecom Services,https://corporate.charter.com,91900.0,143.06,206.038,227.473,-37.109,25.679,27.176,25.679,259.995,110.092,1.019,158.408,197.938,219.598,214.81,True,False,False,False,True,False,False,42.9,14
TRI,Thomson Reuters,42041564231.0,,,,,82.03,93.173,129.187,-36.503,33.344,40.372,33.344,98.881,85.18,1.507,92.06,92.06,101.477,93.993,True,False,False,False,True,False,False,0.0,28
AXON,Axon Enterprise,30361216781.0,Industrials,Aerospace & Defense,https://www.axon.com,5100.0,376.82,435.681,587.456,-35.856,40.684,45.393,37.942,418.946,377.704,1.128,402.99,388.99,492.56,446.63,True,False,False,False,True,False,False,23.5,17
INTU,Intuit,102796400500.0,Technology,Software - Application,https://www.intuit.com,18200.0,371.71,413.959,571.021,-34.904,39.946,45.112,39.946,413.096,376.962,1.338,393.855,380.555,457.775,432.611,True,False,False,False,True,False,False,0.0,11
BLDR,Builders FirstSource,7775511703.0,Industrials,Building Products & Equipment,https://www.bldr.com,28000.0,72.32,84.552,111.085,-34.897,33.189,33.712,29.656,95.924,68.637,0.984,76.92,82.79,103.175,85.567,True,False,False,False,True,False,False,11.1,18
CTSH,Cognizant,21985010912.0,Technology,Information Technology Services,https://www.cognizant.com,351600.0,45.97,58.592,69.603,-33.954,16.881,19.299,16.881,62.633,45.664,1.275,50.065,54.13,72.167,61.925,True,False,False,False,True,False,False,31.2,16
122870.KQ,와이지엔터테인먼트,620558589.0,Communication Services,Entertainment,https://www.ygfamily.com,,49450.0,55875.0,74684.25,-33.788,34.22,30.938,30.938,57223.728,48551.272,0.89,51850.0,51900.0,64500.0,58775.0,True,True,False,False,True,False,False,0.0,5
035760.KQ,CJ ENM,641199028.0,Communication Services,Entertainment,https://www.cjenm.com,,43550.0,56927.0,65705.75,-33.72,16.6,19.523,16.6,59688.233,46206.767,2.744,49725.0,49775.0,66750.0,60650.0,True,False,False,False,True,False,False,,0
ZS,Zscaler,21674586764.0,,,,,152.43,142.641,228.12,-33.18,59.586,54.637,42.394,153.787,126.686,1.828,142.957,134.287,178.5,141.825,True,False,True,False,False,False,True,10.5,19
VEEV,Veeva Systems,,,,,,155.73,172.247,232.634,-33.058,38.388,41.727,35.988,174.481,153.108,0.428,164.363,162.98,197.755,182.188,True,False,False,False,True,False,False,0.0,9
SHOP,Shopify,165264542147.0,,,,,95.4,120.519,141.294,-32.481,31.133,33.698,31.133,142.354,95.973,1.639,111.975,115.93,124.555,119.396,True,False,False,False,True,False,False,33.3,6
IT,Gartner,9671869885.0,Technology,Information Technology Services,https://www.gartner.com,19367.0,144.46,155.405,213.726,-32.409,40.036,49.379,40.036,160.445,143.706,1.397,151.51,151.685,189.215,155.798,True,False,False,False,True,False,False,28.6,28
TYL,Tyler Technologies,14686008441.0,,,,,298.59,338.824,441.426,-32.358,32.801,36.939,32.801,360.287,305.37,1.141,326.43,330.495,363.595,345.08,True,False,False,False,True,False,False,18.5,27
NKE,"Nike, Inc.",50786799558.0,Consumer Cyclical,Footwear & Accessories,https://www.nike.com,77800.0,42.34,48.251,62.181,-31.909,31.911,31.948,30.391,46.957,41.916,0.968,43.33,44.335,55.199,50.118,True,True,False,False,True,False,False,37.5,16
ACN,Accenture,98009264744.0,Technology,Information Technology Services,https://www.accenture.com,786000.0,159.64,190.346,234.355,-31.881,26.726,33.157,26.726,199.089,162.657,2.235,169.865,178.145,235.999,197.324,True,False,False,False,True,False,False,11.1,27
LULU,Lululemon Athletica,13391604552.0,Consumer Cyclical,Apparel Retail,https://corporate.lululemon.com,39000.0,121.21,153.285,177.002,-31.52,25.466,27.82,25.466,171.843,112.164,1.216,130.175,145.675,170.12,157.733,True,False,False,False,True,False,False,21.7,23
POOL,Pool Corporation,6391009436.0,Industrials,Industrial Distribution,https://www.poolcorp.com,6000.0,175.37,208.541,255.91,-31.472,25.049,28.245,25.049,248.852,169.703,1.144,194.29,212.025,236.006,205.885,True,False,False,False,True,False,False,18.8,16
214450.KQ,파마리서치,2190348909.0,Healthcare,Biotechnology,https://pharmaresearch.co.kr,,314000.0,312490.0,457823.971,-31.415,47.789,45.747,45.747,344351.132,291348.868,1.192,332250.0,319500.0,423750.0,314375.0,True,False,False,False,True,False,False,,1
BR,Broadridge Financial Solutions,16803642550.0,Technology,Information Technology Services,https://www.broadridge.com,15000.0,143.93,164.028,209.575,-31.323,28.374,34.646,28.374,165.649,145.263,1.409,149.505,152.485,182.877,168.643,True,False,False,False,True,False,False,0.0,21
BRO,Brown & Brown,18465228807.0,Financial Services,Insurance Brokers,https://www.bbrown.com,22888.0,54.38,64.954,78.896,-31.073,25.978,28.543,24.036,71.87,51.317,1.017,57.432,61.431,71.449,67.126,True,False,False,False,True,False,False,0.0,27
DASH,DoorDash,61113759522.0,Consumer Cyclical,Internet Retail,https://www.doordash.com,31400.0,149.07,165.722,213.913,-30.313,33.995,37.923,33.995,191.497,151.995,1.263,165.755,169.44,178.755,159.42,True,False,False,False,True,False,False,21.4,14
253450.KQ,스튜디오드래곤,595349660.0,Communication Services,Entertainment,https://www.studiodragon.net,,29500.0,36270.0,42329.75,-30.309,20.351,21.191,20.351,38366.192,30168.808,1.103,32775.0,32975.0,42325.0,38350.0,True,False,False,False,True,False,False,40.0,5
LDOS,Leidos,15618781313.0,Technology,Information Technology Services,https://www.leidos.com,50000.0,124.17,155.49,177.21,-29.931,18.952,21.554,18.952,163.067,123.062,1.062,137.715,141.765,175.125,161.793,True,True,False,False,True,False,False,,1
CDW,CDW Corporation,12848636085.0,Technology,Information Technology Services,https://www.cdw.com,14800.0,100.4,123.792,141.112,-28.851,25.233,23.426,23.426,156.466,96.796,1.158,117.965,120.38,128.358,120.642,True,True,False,False,True,False,False,26.7,30
ABT,Abbott Laboratories,145669284268.0,Healthcare,Medical Devices,https://www.abbott.com,122000.0,83.83,98.994,117.75,-28.807,27.518,28.284,21.28,98.242,81.521,0.801,86.485,92.581,108.171,105.237,True,False,False,False,True,False,False,0.0,7
FIS,Fidelity National Information Services,22019051833.0,Technology,Information Technology Services,https://www.fisglobal.com,44000.0,42.6,47.395,59.432,-28.321,34.971,36.19,32.739,49.828,42.392,1.321,44.825,45.46,52.748,47.82,True,True,False,False,True,False,False,11.1,27
APTV,Aptiv,11554391228.0,Consumer Cyclical,Auto Parts,https://www.aptiv.com,140000.0,54.21,63.604,75.467,-28.167,33.007,34.528,29.387,62.815,54.104,1.237,56.705,57.485,72.28,65.367,True,False,False,False,True,False,False,100.0,4
293490.KQ,카카오게임즈,655277707.0,Communication Services,Electronic Gaming & Multimedia,https://www.kakaogamescorp.com,,10870.0,12543.2,15098.45,-28.006,29.029,28.311,28.311,13095.441,10899.559,1.074,11470.0,11650.0,15080.0,14095.0,True,False,False,False,True,False,False,30.0,10
MKC,McCormick & Company,11581806425.0,Consumer Defensive,Packaged Foods,https://www.mccormickcorporation.com,14100.0,45.6,52.892,62.887,-27.489,27.147,30.516,27.147,54.462,45.563,1.128,48.06,49.523,59.435,54.469,True,False,False,False,True,False,False,12.5,8
HOOD,Robinhood Markets,60723425572.0,Financial Services,Capital Markets,https://robinhood.com,2900.0,76.75,76.573,105.508,-27.257,47.795,49.927,42.406,92.433,69.317,0.474,77.1,80.56,87.487,71.592,True,False,False,False,False,False,True,28.6,7
FICO,Fair Isaac,24689966164.0,Technology,Software - Application,https://www.fico.com,3758.0,1064.64,1101.522,1454.423,-26.8,48.745,52.048,44.987,1133.603,968.088,0.809,1067.92,1001.83,1277.16,1141.06,True,False,False,False,True,False,False,14.8,27
TRMB,Trimble Inc.,16130166804.0,,,,,54.9,65.995,74.93,-26.731,21.218,23.363,21.218,74.165,56.55,1.164,62.194,62.699,66.965,65.397,True,False,False,False,True,False,False,33.3,9
PNR,Pentair,11899015984.0,Industrials,Specialty Industrial Machinery,https://www.pentair.com,9000.0,73.63,86.487,100.446,-26.697,26.105,28.347,26.105,95.88,70.411,0.596,77.732,83.817,95.916,88.582,True,False,False,False,True,False,False,45.5,11
GDDY,GoDaddy,11329660724.0,Technology,Software - Infrastructure,https://www.godaddy.com,5845.0,85.38,84.958,116.129,-26.478,47.998,51.56,47.998,90.393,83.267,1.193,87.535,86.105,89.795,84.039,True,False,False,False,False,False,True,3.3,30
NCLH,Norwegian Cruise Line Holdings,7373308848.0,Consumer Cyclical,Travel Services,https://www.nclhltd.com,44500.0,16.06,19.124,21.831,-26.435,34.398,33.858,33.858,20.756,15.458,0.852,17.415,18.965,21.33,19.662,True,False,False,False,True,False,False,50.0,8
ROP,Roper Technologies,37338439003.0,,,,,316.25,352.674,429.682,-26.399,24.221,27.367,24.221,377.902,325.236,1.318,334.78,344.98,362.112,352.484,True,False,False,False,True,False,False,5.6,18
FDS,FactSet,7354351607.0,Financial Services,Financial Data & Stock Exchanges,https://www.factset.com,12840.0,201.87,218.81,273.893,-26.296,35.699,44.079,35.699,244.436,207.393,1.19,216.775,222.665,236.654,211.89,True,False,False,False,True,False,False,40.7,27
VRSK,Verisk Analytics,23547346346.0,,,,,161.47,185.676,218.965,-26.257,33.484,37.014,33.484,188.737,164.281,0.928,173.835,175.13,194.033,191.909,True,False,False,False,True,False,False,9.1,22
CRM,Salesforce,135666032905.0,Technology,Software - Application,https://www.salesforce.com,83334.0,165.84,184.653,224.37,-26.086,36.73,40.406,36.73,192.374,169.379,0.77,177.53,178.54,204.643,187.401,True,False,False,False,True,False,False,31.8,22
ERIE,Erie Indemnity,9822567201.0,Financial Services,Insurance Brokers,https://www.erieinsurance.com,6667.0,212.66,240.256,287.254,-25.968,35.207,38.861,26.739,257.826,198.895,0.68,217.445,236.16,261.741,248.88,True,False,False,False,True,False,False,13.0,23
041510.KQ,에스엠,1308118676.0,Communication Services,Entertainment,https://www.smentertainment.com,,85100.0,93306.0,114878.589,-25.922,34.586,38.281,34.586,99136.063,86153.937,0.957,93700.0,92300.0,104200.0,95200.0,True,False,False,False,True,False,False,33.3,3
ALNY,Alnylam Pharmaceuticals,38891567207.0,Healthcare,Biotechnology,https://www.alnylam.com,2500.0,291.48,314.21,391.713,-25.588,39.872,40.165,34.31,319.98,285.803,0.827,298.08,313.82,337.435,320.622,True,False,False,False,True,False,False,0.0,8
CPB,Campbell's Company (The),6067281031.0,Consumer Defensive,Packaged Foods,https://www.thecampbellscompany.com,13700.0,20.35,21.31,27.156,-25.063,39.942,40.436,39.942,21.281,20.258,0.888,20.782,20.615,24.864,22.264,True,False,False,True,True,False,False,6.2,32
035720.KS,카카오,12777881272.0,Communication Services,Internet Content & Information,https://www.kakaocorp.com,15856.0,42950.0,48378.178,57192.851,-24.903,30.557,32.186,30.557,51571.749,43413.251,1.344,45650.0,46750.0,54729.873,51202.436,True,False,False,False,True,False,False,0.0,3
EFX,Equifax,19044441095.0,Industrials,Consulting Services,https://www.equifax.com,15000.0,159.94,181.547,212.69,-24.801,30.757,36.287,30.757,196.096,156.663,0.574,168.195,178.84,190.58,182.378,True,False,False,False,True,False,False,45.5,22
LEN,Lennar,18289316498.0,Consumer Cyclical,Residential Construction,https://www.lennar.com,12532.0,84.97,91.246,112.941,-24.766,39.237,40.775,33.4,96.585,83.357,0.754,87.86,90.847,103.049,92.51,True,False,False,False,True,False,False,0.0,11
MELI,Mercado Libre,79188998284.0,Consumer Cyclical,Internet Retail,https://www.mercadolibre.com,123670.0,1562.0,1746.213,2065.942,-24.393,32.77,33.728,31.341,1988.031,1574.087,2.056,1692.5,1699.0,1967.605,1685.487,True,False,True,False,True,False,False,50.0,8
INSM,Insmed Incorporated,25574621693.0,Healthcare,Biotechnology,https://www.insmed.com,1664.0,117.99,142.045,155.979,-24.355,38.684,36.888,21.324,159.406,103.68,1.913,120.9,130.965,151.778,151.55,True,True,True,False,True,False,False,0.0,4
AJG,Arthur J. Gallagher & Co.,49322507904.0,Financial Services,Insurance Brokers,https://www.ajg.com,72000.0,192.0,213.529,252.802,-24.051,28.161,32.39,27.827,230.17,190.07,1.218,204.815,208.375,225.112,215.211,True,False,False,False,True,False,False,4.8,21
352820.KS,하이브,6670427680.0,Communication Services,Entertainment,https://hybecorp.com,,230500.0,287991.161,303063.005,-23.943,31.796,32.174,31.796,268054.852,231595.148,0.749,253000.0,253000.0,334463.226,309859.264,True,False,False,False,True,False,False,,0
DPZ,Domino's,10372855936.0,Consumer Cyclical,Restaurants,https://biz.dominos.com,6200.0,308.48,363.625,404.719,-23.779,28.21,28.776,28.21,385.632,298.949,0.812,324.35,341.55,382.01,372.312,True,False,False,False,True,False,False,8.3,12
ADBE,Adobe Inc.,95419494000.0,Technology,Software - Application,https://www.adobe.com,31360.0,236.07,248.933,309.419,-23.705,41.576,44.638,41.576,258.814,235.588,0.755,246.14,241.785,269.73,249.595,True,False,False,False,True,False,False,33.3,24
J,Jacobs Solutions,12666535890.0,Industrials,Engineering & Construction,https://www.jacobs.com,47000.0,107.27,127.657,139.803,-23.271,26.788,32.31,26.788,138.038,112.463,1.746,121.753,121.753,138.502,130.215,True,False,False,False,True,False,False,66.7,6
MTD,Mettler Toledo,20723501054.0,Healthcare,Diagnostics & Research,https://www.mt.com,16600.0,1025.53,1252.122,1334.116,-23.13,25.085,27.994,25.085,1431.898,1064.952,1.919,1185.04,1194.42,1309.76,1258.932,True,False,False,False,True,False,False,77.8,9
GIS,General Mills,17937025737.0,Consumer Defensive,Packaged Foods,https://www.generalmills.com,33000.0,33.61,36.506,43.718,-23.121,36.408,39.502,36.141,35.934,33.739,0.902,34.655,34.9,41.908,38.058,True,False,False,False,True,False,False,0.0,16
000100.KS,유한양행,4529381776.0,Healthcare,Drug Manufacturers - Specialty & Generic,https://www.yuhan.co.kr,,84700.0,95034.0,110006.406,-23.004,26.841,27.164,25.92,101083.076,83306.924,1.184,88400.0,90450.0,102746.285,99225.0,True,True,False,False,True,False,False,16.7,12
NVR,"NVR, Inc.",15440220169.0,Consumer Cyclical,Residential Construction,https://www.nvrinc.com,6300.0,5720.1,6526.821,7403.826,-22.741,28.819,30.355,28.819,7131.91,5524.761,0.75,5995.185,6472.335,7250.515,6731.652,True,False,False,False,True,False,False,0.0,5
WTW,Willis Towers Watson,27936871633.0,,,,,242.12,283.254,312.923,-22.626,26.304,30.575,25.609,313.13,233.907,1.121,253.577,270.803,309.267,290.178,True,False,False,False,True,False,False,0.0,3
TECH,Bio-Techne,9477940429.0,,,,,44.89,53.517,57.833,-22.38,34.64,38.213,34.64,62.521,44.534,1.338,50.565,53.295,60.157,53.063,True,False,False,False,True,False,False,44.4,9
IP,International Paper,16933952829.0,Consumer Cyclical,Packaging & Containers,https://www.internationalpaper.com,62602.0,31.98,35.382,41.111,-22.21,40.778,44.308,29.204,36.896,29.865,0.524,32.145,33.755,41.662,36.878,True,False,False,False,True,False,False,13.3,15
251270.KS,넷마블,2311191996.0,Communication Services,Electronic Gaming & Multimedia,https://www.netmarble.com,,42000.0,50281.0,53789.473,-21.918,25.331,25.058,25.058,55400.091,42054.909,0.896,46700.0,47200.0,51700.553,51262.5,True,False,False,False,True,False,False,,2
PYPL,PayPal,39897631448.0,Financial Services,Credit Services,https://www.paypal.com,23800.0,45.23,46.864,57.888,-21.867,38.174,38.975,36.805,53.425,44.157,1.023,47.705,48.325,47.86,45.309,True,True,False,False,True,False,False,25.0,20
COR,Cencora,49737604774.0,Healthcare,Medical Distribution,https://www.cencora.com,47000.0,255.68,317.36,326.735,-21.747,23.375,25.0,16.837,347.04,244.375,1.281,277.595,286.405,342.7,330.543,True,True,False,False,True,False,False,,0
BKNG,Booking Holdings,122757970760.0,Consumer Cyclical,Travel Services,https://www.bookingholdings.com,23571.0,155.03,173.619,197.297,-21.423,34.146,38.102,34.146,194.518,152.568,0.882,165.145,174.345,179.871,170.934,True,False,False,False,True,False,False,41.7,12
DLTR,Dollar Tree,17125485236.0,Consumer Defensive,Discount Stores,https://www.dollartree.com,35181.0,86.8,104.115,110.458,-21.418,28.098,30.517,28.098,108.315,86.658,0.782,92.271,98.061,120.955,111.023,True,False,False,False,True,False,False,100.0,0
PSKY,Paramount Skydance Corporation,11387936006.0,Communication Services,Entertainment,https://www.paramount.com,17600.0,10.47,10.418,13.307,-21.322,45.708,48.648,42.688,12.001,10.032,0.859,10.71,11.07,11.324,10.612,True,False,False,False,True,False,False,11.1,9
COIN,Coinbase,45009729900.0,Financial Services,Financial Data & Stock Exchanges,https://www.coinbase.com,4951.0,201.8,191.876,256.128,-21.211,53.383,56.819,48.745,215.151,183.656,0.821,200.63,190.795,185.055,180.283,True,False,False,False,False,False,False,46.2,13
GPC,Genuine Parts Company,13606938764.0,Consumer Cyclical,Auto Parts,https://www.genpt.com,65000.0,98.87,106.547,124.527,-20.604,33.398,36.367,33.398,115.422,98.038,0.96,103.295,107.665,123.137,105.598,True,False,False,False,True,False,False,36.4,11
PLTR,Palantir Technologies,298604076987.0,Technology,Software - Infrastructure,https://www.palantir.com,4395.0,130.05,145.166,163.59,-20.503,38.388,43.912,38.388,151.231,130.493,1.187,139.195,139.48,149.117,148.818,True,False,False,False,True,False,False,100.0,4
RMD,ResMed,29866985773.0,,,,,202.37,224.766,252.569,-19.875,33.944,35.086,26.616,230.904,196.8,0.491,206.07,216.76,247.709,232.4,True,False,False,False,True,False,False,57.1,7
DHR,Danaher Corporation,117471026560.0,Healthcare,Diagnostics & Research,https://www.danaher.com,58000.0,165.99,186.847,207.079,-19.842,25.486,25.712,25.486,197.153,160.858,1.156,171.595,181.91,211.647,190.849,True,False,False,False,True,False,False,16.7,12
PTC,PTC Inc.,16264370431.0,Technology,Software - Application,https://www.ptc.com,7000.0,140.81,144.705,175.549,-19.789,48.748,55.466,39.028,146.93,132.56,0.888,143.375,142.435,153.025,147.68,True,False,False,False,True,False,False,17.6,17
IBM,IBM,201736976499.0,Technology,Information Technology Services,https://www.ibm.com,264300.0,214.64,239.32,267.178,-19.664,33.233,36.164,33.233,255.586,209.929,1.168,223.283,234.476,267.435,242.411,True,False,False,False,True,False,False,33.3,3
XYL,Xylem Inc.,29009953685.0,,,,,109.01,120.812,135.428,-19.507,31.139,34.505,31.139,125.996,109.35,0.619,114.727,119.572,129.712,121.963,True,False,False,False,True,False,False,85.7,7
103140.KS,풍산,1708453252.0,Industrials,Metal Fabrication,https://www.poongsan.co.kr,,90800.0,100293.941,112793.509,-19.499,34.215,36.027,34.215,105670.585,92169.415,0.742,96750.0,104400.0,121119.472,106809.736,True,False,False,False,True,False,False,,0
COO,Cooper Companies (The),11603453249.0,Healthcare,Medical Instruments & Supplies,https://www.coopercos.com,15000.0,59.47,68.657,73.665,-19.269,25.795,26.938,20.314,70.297,56.695,0.946,60.895,65.76,76.66,73.51,True,False,False,False,True,False,False,21.4,14
MSTR,MicroStrategy,58934863556.0,Technology,Software - Application,https://www.strategy.com,1511.0,178.03,150.577,220.133,-19.126,56.241,60.617,56.241,196.986,152.229,0.65,183.215,161.02,136.565,132.23,True,False,False,False,False,False,False,6.7,15
358570.KQ,지아이이노베이션,577068309.0,,,,,13380.0,14255.6,16520.7,-19.011,40.775,46.928,40.775,16933.816,13151.184,1.079,15240.0,14655.0,14305.0,13740.0,True,False,False,False,True,False,False,28.6,7
462870.KS,시프트업,1173543616.0,Communication Services,Electronic Gaming & Multimedia,https://shiftup.co.kr,,29800.0,32073.0,36777.5,-18.972,33.072,34.454,33.072,36169.531,30135.469,0.919,32325.0,32875.0,32250.0,31450.0,True,False,False,False,True,False,False,13.3,15
VST,Vistra Corp.,54032467003.0,,,,,142.61,157.203,175.944,-18.946,37.261,40.421,37.261,169.229,144.553,1.344,153.95,154.0,158.204,155.29,True,False,False,False,True,False,False,57.1,7
BBY,Best Buy,11609930275.0,Consumer Cyclical,Specialty Retail,https://corporate.bestbuy.com,82000.0,55.52,62.095,68.475,-18.919,33.236,37.394,33.236,66.945,53.949,0.746,58.19,61.655,64.532,63.294,True,False,False,False,True,False,False,80.0,5
ALLE,Allegion,11226647033.0,Industrials,Security & Protection Services,https://www.allegion.com/corp/en/index.html,13300.0,130.64,142.805,160.953,-18.833,33.455,34.288,31.603,150.197,127.309,0.773,134.07,139.665,160.39,147.054,True,False,False,False,True,False,False,,1
PAYX,Paychex,32217516020.0,Technology,Software - Application,https://www.paychex.com,,89.92,92.421,110.743,-18.803,42.868,54.245,42.868,95.253,89.556,1.599,91.315,90.425,97.147,93.82,True,False,False,False,True,False,False,0.0,30
ARE,Alexandria Real Estate Equities,8183717166.0,Real Estate,REIT - Office,https://www.are.com,514.0,47.27,46.243,58.216,-18.802,56.804,54.407,33.822,50.773,39.737,0.52,43.705,44.295,50.135,45.973,True,False,False,False,False,False,True,35.7,14
196170.KQ,알테오젠,12723731669.0,Healthcare,Biotechnology,https://www.alteogen.com,,354000.0,361520.0,435070.0,-18.634,47.463,42.534,34.444,389897.223,334752.777,3.781,355500.0,355500.0,428000.0,368250.0,True,True,True,False,True,False,False,,2
361610.KS,SK아이이테크놀로지,1210810621.0,Technology,Electronic Components,https://skietechnology.com,,22050.0,23520.0,27045.5,-18.471,36.017,39.281,36.017,29324.158,21860.842,0.896,24925.0,25450.0,24675.0,22937.5,True,False,False,False,True,False,False,75.0,12
035900.KQ,JYP Ent.,1350283363.0,Communication Services,Entertainment,https://www.jype.com,,56600.0,62060.494,69370.423,-18.409,31.725,34.733,31.725,65720.622,57359.378,1.203,61250.0,61250.0,66382.083,62515.204,True,False,False,False,True,False,False,0.0,4
GEHC,GE HealthCare,28153252636.0,Healthcare,Medical Devices,https://www.gehealthcare.com,54000.0,61.89,69.711,75.801,-18.352,36.691,37.536,28.863,76.443,55.474,0.667,62.08,67.35,77.742,73.293,True,False,False,False,True,False,False,66.7,9
007390.KQ,네이처셀,784769854.0,,,,,18140.0,19002.0,22204.65,-18.305,40.138,47.122,40.138,21572.25,18348.75,1.308,19230.0,19380.0,21675.0,18437.5,True,False,False,False,True,False,False,16.7,6
CPRT,Copart,31731378301.0,Industrials,Specialty Business Services,https://www.copart.com,13800.0,32.94,33.753,40.319,-18.302,42.103,48.237,42.103,33.995,32.844,0.776,33.415,33.475,36.995,34.3,True,False,False,False,True,False,False,10.0,30
MOS,Mosaic Company (The),7240546550.0,Basic Materials,Agricultural Inputs,https://www.mosaicco.com,13249.0,22.78,25.075,27.802,-18.064,41.91,38.132,31.797,25.012,21.8,1.347,22.52,24.16,27.655,26.715,True,True,False,False,True,False,False,42.9,7
KKR,KKR & Co.,87479760642.0,Financial Services,Asset Management,https://www.kkr.com,5043.0,97.43,95.598,118.502,-17.782,44.683,49.008,44.683,106.034,97.782,0.887,101.52,98.67,104.72,89.685,True,False,False,False,False,False,True,45.0,20
160190.KQ,하이젠알앤엠,846121578.0,Consumer Cyclical,Auto Parts,https://www.higenmotor.com,,40800.0,44227.0,49619.5,-17.774,45.144,46.951,45.144,45851.089,38533.911,0.893,43775.0,39925.0,62075.0,45187.5,True,False,False,False,True,False,False,,1
IDXX,Idexx Laboratories,41703862854.0,Healthcare,Diagnostics & Research,https://www.idexx.com,11000.0,528.68,575.044,641.837,-17.63,35.326,36.779,35.326,595.438,531.95,0.987,554.247,564.598,627.165,583.573,True,False,False,False,True,False,False,44.4,9
MDT,Medtronic,97844873106.0,Healthcare,Medical Devices,https://www.medtronic.com,95000.0,76.21,84.797,92.433,-17.551,32.549,33.874,22.994,87.276,73.694,0.949,77.785,81.62,94.783,89.067,True,False,False,False,True,False,False,,0
065350.KQ,신성델타테크,928175118.0,Industrials,Electrical Equipment & Parts,https://www.gshinsung.com,,50300.0,58846.0,60855.0,-17.345,29.254,30.469,29.254,63783.731,51476.269,0.869,54650.0,57150.0,68050.0,61375.0,True,False,False,False,True,False,False,0.0,7
NRG,NRG Energy,27656106488.0,Utilities,Utilities - Independent Power Producers,https://www.nrg.com,16702.0,131.08,153.234,158.437,-17.267,31.035,35.115,31.035,170.457,131.887,1.725,144.244,152.111,164.421,153.575,True,False,False,False,True,False,False,,0
HD,Home Depot (The),301348167928.0,Consumer Cyclical,Home Improvement Retail,https://www.homedepot.com,472400.0,302.55,333.127,365.179,-17.15,31.685,35.772,31.685,353.999,300.926,1.288,314.895,326.41,355.15,335.107,True,False,False,False,True,False,False,40.0,10
ADSK,Autodesk,48747330000.0,Technology,Software - Application,https://www.autodesk.com,14300.0,231.03,242.197,278.175,-16.948,42.507,45.224,42.507,252.72,229.042,0.952,240.207,234.62,244.63,241.713,True,False,False,False,True,False,False,16.7,18
AOS,A. O. Smith,6403221631.0,Industrials,Specialty Industrial Machinery,https://www.aosmith.com,11500.0,56.98,64.39,68.575,-16.908,29.03,31.732,28.27,67.049,56.451,0.699,59.5,62.138,72.165,67.675,True,False,False,False,True,False,False,66.7,6
ADP,Automatic Data Processing,84003693661.0,Technology,Software - Application,https://www.adp.com,67000.0,208.63,206.351,250.233,-16.626,51.391,58.29,51.391,219.322,193.758,1.016,210.555,202.355,227.797,207.073,True,False,False,False,False,False,True,0.0,16
WYNN,Wynn Resorts,11318881051.0,,,,,96.21,103.179,114.952,-16.305,33.751,35.223,33.751,111.911,97.966,1.018,101.772,103.257,107.535,100.847,True,False,False,False,True,False,False,100.0,5
BX,Blackstone Inc.,88779659760.0,Financial Services,Asset Management,https://www.blackstone.com,5285.0,119.62,116.422,142.79,-16.227,47.064,52.569,47.064,129.455,117.41,0.866,122.781,122.128,127.69,109.679,True,False,False,False,False,False,True,46.7,15
SPGI,S&P Global,131042013417.0,,,,,406.55,429.128,484.375,-16.067,33.876,45.119,33.876,451.287,411.266,1.42,419.95,428.86,460.505,424.1,True,False,False,False,True,False,False,30.0,10
CAG,Conagra Brands,6741179528.0,Consumer Defensive,Packaged Foods,https://www.conagrabrands.com,18300.0,14.09,15.033,16.767,-15.967,44.215,42.322,37.284,14.532,13.676,0.926,14.085,14.442,17.245,16.004,True,False,False,False,True,False,False,16.7,36
SYK,Stryker Corporation,129578892160.0,,,,,302.09,329.832,358.934,-15.837,41.693,35.027,20.391,351.204,273.452,1.502,297.17,316.9,353.8,341.418,True,False,True,False,True,False,False,,2
CLX,Clorox,11123891396.0,Consumer Defensive,Household & Personal Products,https://www.thecloroxcompany.com,7600.0,92.0,101.254,109.108,-15.68,42.957,36.275,25.708,104.351,84.18,0.889,89.08,96.117,113.104,106.979,True,False,False,False,True,False,False,0.0,26
CEG,Constellation Energy,99591182386.0,Utilities,Utilities - Independent Power Producers,https://www.constellationenergy.com,15291.0,274.89,299.648,325.965,-15.669,37.874,45.395,37.874,329.133,274.877,2.111,298.89,298.89,293.208,288.164,True,False,False,False,True,False,False,75.0,8
ARES,Ares Management,27210783869.0,Financial Services,Asset Management,https://www.aresmgmt.com,3967.0,123.18,111.439,145.825,-15.529,59.426,60.384,56.168,127.877,110.5,0.738,121.382,113.132,128.727,105.742,True,False,False,False,False,False,True,32.0,25
DG,Dollar General,22408028060.0,Consumer Defensive,Discount Stores,https://www.dollargeneral.com,194000.0,101.75,122.876,120.423,-15.506,24.134,25.141,24.134,130.494,102.634,1.464,109.695,114.035,136.129,127.56,True,False,False,False,True,False,False,,0
207940.KS,삼성바이오로직스,43822589270.0,Healthcare,Biotechnology,https://samsungbiologics.com,5195.0,1410000.0,1557080.0,1666160.544,-15.374,29.498,33.448,29.498,1635215.15,1397084.85,1.179,1458500.0,1531000.0,1730500.0,1598750.0,True,False,False,False,True,False,False,,0
TMO,Thermo Fisher Scientific,195480268839.0,,,,,446.03,487.077,526.687,-15.314,35.068,39.543,35.068,530.138,429.459,1.029,463.175,491.465,550.847,489.264,True,False,False,False,True,False,False,0.0,12
OTIS,Otis Worldwide,28103365406.0,Industrials,Specialty Industrial Machinery,https://www.otis.com,72000.0,73.24,79.712,86.339,-15.172,32.976,35.212,32.976,81.696,72.832,0.607,75.617,77.575,84.917,81.05,True,False,False,False,True,False,False,6.7,15
NFLX,Netflix,368697519112.0,Communication Services,Entertainment,https://www.netflix.com,16000.0,87.56,94.93,102.871,-14.884,37.712,37.911,30.352,101.163,82.44,0.696,89.9,97.025,96.77,88.85,True,False,False,False,True,False,False,50.0,14
HRL,Hormel Foods,10956158561.0,Consumer Defensive,Packaged Foods,https://www.hormelfoods.com,20000.0,19.91,21.703,23.374,-14.819,32.704,35.376,32.704,21.988,19.97,0.629,20.725,20.92,23.486,22.579,True,False,False,False,True,False,False,30.0,10
UHS,Universal Health Services,9665518265.0,,,,,171.01,180.924,200.543,-14.726,44.517,42.351,35.202,184.646,160.384,0.821,169.045,174.225,208.707,186.25,True,False,False,False,True,False,False,66.7,9
CTAS,Cintas,65434248312.0,Industrials,Specialty Business Services,https://www.cintas.com,48300.0,163.55,178.295,191.689,-14.679,31.224,33.74,31.224,181.743,162.507,0.987,169.01,170.93,187.34,181.583,True,True,False,False,True,False,False,0.0,6
298380.KQ,에이비엘바이오,4657414742.0,Healthcare,Biotechnology,https://www.ablbio.com,,123900.0,162756.0,145055.0,-14.584,34.03,36.937,33.123,175819.834,115120.166,0.97,133050.0,148150.0,204050.0,174750.0,True,False,False,False,True,False,False,,0
035420.KS,NAVER,21223070634.0,Communication Services,Internet Content & Information,https://www.navercorp.com,,201500.0,212310.0,235887.98,-14.578,39.893,41.888,39.893,222866.857,201383.143,1.106,213050.0,210850.0,241782.3,218675.0,True,False,False,False,True,False,False,0.0,3
BAX,Baxter International,8936331017.0,Healthcare,Medical Instruments & Supplies,https://www.baxter.com,37500.0,17.31,17.428,20.261,-14.565,47.363,52.707,39.949,19.097,16.477,0.831,17.285,17.68,19.064,17.232,True,False,False,False,False,False,True,36.4,22
COF,Capital One,112904286285.0,Financial Services,Credit Services,https://www.capitalone.com,76300.0,181.54,188.911,212.384,-14.523,35.715,38.059,35.715,206.717,180.018,0.915,188.65,196.07,206.026,184.232,True,False,False,False,True,False,False,33.3,9
APP,AppLovin,139265457100.0,Communication Services,Advertising Agencies,https://www.applovin.com,876.0,453.53,448.165,530.29,-14.475,48.673,58.262,48.673,499.735,436.735,1.226,477.845,438.665,464.46,424.63,True,False,False,False,False,False,True,0.0,5
DXCM,Dexcom,22600580263.0,Healthcare,Medical Devices,https://www.dexcom.com,11000.0,58.57,63.715,68.452,-14.436,40.535,47.649,38.794,64.542,57.432,1.311,60.64,61.58,68.275,65.785,True,False,False,False,True,False,False,63.2,19
302440.KS,SK바이오사이언스,2167613672.0,Healthcare,Biotechnology,https://www.skbioscience.co.kr,,41150.0,42903.0,48012.75,-14.294,39.536,42.34,39.536,45933.826,40996.174,1.07,42800.0,43750.0,46500.0,44050.0,True,False,False,False,True,False,False,57.1,7
CMG,Chipotle Mexican Grill,41820802530.0,Consumer Cyclical,Restaurants,https://www.chipotle.com,130301.0,32.11,33.631,37.238,-13.77,42.033,45.023,37.724,36.229,30.968,0.633,32.9,34.355,35.965,33.075,True,False,False,False,True,False,False,33.3,21
MRSH,Marsh McLennan,76672776889.0,Financial Services,Insurance Brokers,https://www.corporate.marsh.com/global/home.html,95000.0,159.14,172.007,184.274,-13.64,34.781,39.784,34.781,181.308,157.661,0.594,164.597,170.807,178.188,173.751,True,False,False,False,True,False,False,0.0,16
JKHY,Jack Henry & Associates,10048711815.0,Technology,Information Technology Services,https://www.jackhenry.com,7300.0,141.43,156.727,163.687,-13.597,31.472,35.761,28.225,159.271,141.426,1.18,147.545,149.585,170.881,159.7,True,True,False,False,True,False,False,40.0,15
GPN,Global Payments,18330150404.0,Industrials,Specialty Business Services,https://www.globalpayments.com/en-ap,26000.0,67.01,69.644,77.368,-13.388,41.106,46.032,41.106,73.609,66.49,0.876,70.162,68.935,72.44,69.293,True,False,False,False,True,False,False,33.3,21
SMCI,Supermicro,17299885037.0,,,,,32.0,27.798,36.93,-13.349,57.559,60.153,50.339,35.224,24.059,0.66,31.625,29.615,27.21,24.472,True,False,False,False,False,False,False,57.1,14
ULTA,Ulta Beauty,25027849151.0,,,,,492.145,547.742,567.794,-13.323,30.586,34.398,30.586,579.599,494.664,1.207,515.326,533.036,607.145,557.755,True,False,False,False,True,False,False,,0
IR,Ingersoll Rand,27937536579.0,Industrials,Specialty Industrial Machinery,https://www.irco.com,21000.0,71.39,81.985,82.297,-13.253,31.646,34.281,31.646,88.712,70.872,1.107,75.685,80.035,88.474,82.832,True,False,False,False,True,False,False,85.7,7
ISRG,Intuitive Surgical,153093971711.0,Healthcare,Medical Instruments & Supplies,https://www.intuitive.com,17021.0,432.27,465.837,497.665,-13.14,37.66,37.414,29.839,488.965,424.925,0.803,440.44,454.445,493.89,470.295,True,True,False,False,True,False,False,35.7,14
PDD,PDD Holdings,141770287615.0,Consumer Cyclical,Internet Retail,https://www.pddholdings.com,25474.0,99.6,100.469,114.35,-12.899,49.79,40.91,40.91,104.501,94.683,1.554,99.155,101.835,102.015,101.74,True,False,True,False,True,False,False,12.5,8
068760.KQ,셀트리온제약,1529346747.0,Healthcare,Drug Manufacturers - Specialty & Generic,https://www.celltrionph.com,,51300.0,57864.0,58877.94,-12.871,30.838,34.4,29.542,60572.89,51747.11,1.197,54400.0,54750.0,66300.0,60800.0,True,False,False,False,True,False,False,0.0,2
VLTO,Veralto,22172074414.0,,,,,85.85,89.206,98.467,-12.813,40.284,43.064,40.284,91.194,85.198,1.031,87.31,88.932,93.693,89.2,True,False,False,False,True,False,False,45.5,11
008930.KS,한미사이언스,1588771220.0,Healthcare,Medical Distribution,https://www.hanmiscience.co.kr,,34600.0,37829.922,39666.117,-12.772,34.429,40.958,33.366,41101.355,35033.645,1.01,36625.0,37650.0,44846.875,39715.527,True,False,False,False,True,False,False,100.0,1
STE,Steris,22205166410.0,,,,,211.1,220.091,241.985,-12.763,42.945,42.612,28.721,229.157,203.942,0.997,206.74,211.505,239.019,225.882,True,True,False,False,True,False,False,0.0,5
A,Agilent Technologies,31860585219.0,Healthcare,Diagnostics & Research,https://www.agilent.com,18000.0,112.74,115.11,129.054,-12.641,44.36,44.617,41.795,122.795,109.629,0.837,115.685,117.6,125.259,114.378,True,False,False,False,True,False,False,30.0,10
CCL,Carnival Corporation,31012175306.0,Consumer Cyclical,Travel Services,https://www.carnivalcorp.com,160000.0,25.03,26.242,28.619,-12.54,42.013,40.924,40.924,28.883,24.431,0.77,26.233,27.288,28.672,25.905,True,False,False,False,True,False,False,66.7,9
MSFT,Microsoft,3010076026408.0,Technology,Software - Infrastructure,https://www.microsoft.com,228000.0,405.21,398.755,462.855,-12.454,47.344,48.998,47.344,432.561,403.42,0.792,414.505,400.375,419.459,375.667,True,False,False,False,False,False,True,40.0,10
IQV,IQVIA,28770222000.0,Healthcare,Diagnostics & Research,https://www.iqvia.com,93000.0,172.38,169.783,196.621,-12.329,52.068,55.355,37.173,185.28,153.402,0.696,169.47,168.6,200.415,171.157,True,False,False,True,False,False,True,22.2,9
EL,Estée Lauder Companies (The),20309728206.0,Consumer Defensive,Household & Personal Products,https://www.elcompanies.com,40470.0,82.13,79.869,93.525,-12.184,52.97,59.168,46.981,87.301,72.135,0.691,82.925,78.75,93.74,78.442,True,False,False,False,False,False,True,75.0,8
081660.KS,미스토홀딩스,1286819986.0,Consumer Cyclical,Leisure,https://www.mistoholdings.com,,36100.0,42445.201,41025.2,-12.005,22.263,25.049,22.263,44759.291,36465.709,1.218,38750.0,39925.0,46437.416,42750.924,True,False,False,False,True,False,False,,1
ZBH,Zimmer Biomet,18481975949.0,,,,,82.72,89.579,93.96,-11.963,40.226,41.491,29.48,97.862,75.652,0.715,82.12,88.465,92.788,90.854,True,False,False,False,True,False,False,7.7,13
WFC,Wells Fargo,251183954144.0,,,,,73.53,79.223,83.315,-11.745,33.919,37.339,31.083,84.129,74.124,0.88,77.53,79.539,84.079,78.712,True,False,False,False,True,False,False,75.0,4
UBER,Uber,157833558246.0,,,,,74.7,74.262,84.585,-11.687,48.985,53.736,44.694,78.555,72.774,0.699,76.75,75.325,76.945,72.497,True,False,False,False,False,False,True,0.0,6
CMCSA,Comcast,89494736378.0,Communication Services,Telecom Services,https://corporate.comcast.com,179000.0,24.94,28.388,28.197,-11.552,30.923,30.488,30.488,31.042,23.853,0.932,26.005,28.305,29.873,29.017,True,False,False,False,True,False,False,27.8,18
TMUS,T-Mobile US,218565492908.0,,,,,190.28,202.078,213.516,-10.883,42.9,46.58,42.89,201.041,185.427,0.547,193.87,194.395,208.14,203.029,True,False,False,False,True,False,False,52.6,19
LOW,Lowe's,123465864762.0,Consumer Cyclical,Home Improvement Retail,https://corporate.lowes.com,167000.0,220.45,238.086,247.29,-10.854,35.281,38.193,34.603,255.853,217.342,1.163,228.628,236.978,257.37,236.96,True,False,False,False,True,False,False,40.0,5
004370.KS,농심,1484497568.0,Consumer Defensive,Packaged Foods,https://www.nongshim.com,,363500.0,374806.126,407587.108,-10.817,38.006,39.411,38.006,387227.917,366872.083,1.672,373000.0,373000.0,403694.735,384889.312,True,False,False,False,True,False,False,,0
NOC,Northrop Grumman,78374072057.0,Industrials,Aerospace & Defense,https://www.northropgrumman.com,95000.0,551.8,657.483,618.087,-10.725,24.694,26.376,18.363,658.538,509.158,0.65,562.48,621.315,703.985,702.602,True,False,False,False,True,False,False,,0
WSM,"Williams-Sonoma, Inc.",24043622219.0,,,,,172.06,184.924,192.241,-10.498,35.633,38.463,34.869,204.132,168.597,0.847,179.06,189.11,197.468,183.833,True,False,False,False,True,False,False,33.3,3
AZO,AutoZone,55473992808.0,Consumer Cyclical,Auto Parts,https://www.autozone.com,78000.0,3366.79,3505.199,3758.61,-10.425,38.803,41.383,38.803,3689.577,3388.712,1.028,3516.131,3516.131,3584.13,3478.615,True,False,False,False,True,False,False,88.9,9
326030.KS,SK바이오팜,5215905789.0,Healthcare,Biotechnology,https://www.skbp.com,,99200.0,99558.0,110610.5,-10.316,46.565,54.331,43.613,106436.706,97113.294,1.628,101725.0,101000.0,106900.0,101575.0,True,False,False,False,True,False,False,0.0,4
RCL,Royal Caribbean Group,70857113188.0,Consumer Cyclical,Travel Services,https://www.rclinvestor.com,107950.0,264.2,272.781,294.432,-10.268,46.941,43.579,43.462,286.555,248.204,0.696,272.73,277.39,305.331,276.789,True,False,False,False,True,False,False,,2
TAP,Molson Coors Beverage Company,7779066546.0,,,,,41.42,43.308,46.117,-10.185,40.581,39.964,32.105,44.573,40.678,0.837,42.07,43.08,47.651,44.054,True,False,False,False,True,False,False,27.3,22
KMB,Kimberly-Clark,32211492243.0,Consumer Defensive,Household & Personal Products,https://www.kimberly-clark.com,36000.0,97.04,98.344,108.032,-10.174,47.6,48.443,42.523,99.818,95.523,0.937,97.58,97.52,101.438,98.772,True,False,False,False,True,False,False,50.0,8
015760.KS,한국전력,17563908191.0,Utilities,Utilities - Regulated Electric,https://www.kepco.co.kr,,40750.0,45128.0,45360.243,-10.164,33.113,34.551,33.113,47725.976,41609.024,0.788,43625.0,43650.0,54675.0,48162.5,True,False,False,False,True,False,False,,0
MCD,McDonald's,195886465326.0,Consumer Cyclical,Restaurants,https://www.mcdonalds.com,150000.0,275.7,305.121,306.493,-10.047,26.666,24.972,24.52,313.51,268.483,0.864,283.78,292.26,321.441,314.713,True,False,False,False,True,False,False,,0
SHW,Sherwin-Williams,85075332348.0,,,,,306.34,324.115,340.09,-9.924,36.406,39.656,35.869,348.416,301.584,1.609,315.93,326.73,339.258,325.19,True,False,False,False,True,False,False,33.3,3
002790.KS,아모레퍼시픽홀딩스,1280788220.0,Consumer Defensive,Household & Personal Products,https://www.apgroup.com,,24950.0,27409.862,27693.26,-9.906,34.797,36.987,34.797,30404.706,25200.294,0.776,28500.0,28500.0,30158.305,28495.507,True,False,False,False,True,False,False,100.0,2
MA,Mastercard,430309055887.0,Financial Services,Credit Services,https://www.mastercard.com,39800.0,490.64,503.767,544.243,-9.849,42.808,47.61,42.414,524.0,486.06,0.874,499.365,511.97,520.316,497.657,True,False,False,False,True,False,False,40.0,5
PHM,PulteGroup,21519243298.0,Consumer Cyclical,Residential Construction,https://pultegroupinc.com,6506.0,112.97,120.908,125.154,-9.735,37.47,39.498,37.47,132.533,110.952,1.248,117.535,122.325,128.726,120.42,True,False,False,False,True,False,False,33.3,3
026960.KS,동서,1626613044.0,Consumer Defensive,Food Distribution,https://www.dongsuh.com,,24300.0,26424.0,26842.105,-9.471,26.792,29.18,26.792,28387.704,24242.296,1.092,25600.0,26225.0,27325.0,26900.0,True,True,False,False,True,False,False,,0
MCK,McKesson Corporation,88612022316.0,Healthcare,Medical Distribution,https://www.mckesson.com,41600.0,737.18,859.06,813.654,-9.399,24.509,23.23,16.164,896.886,711.518,0.701,772.34,801.39,904.498,895.565,True,True,False,False,True,False,False,,0
LVS,Las Vegas Sands,34006547519.0,Consumer Cyclical,Resorts & Casinos,https://www.sands.com,41000.0,51.32,53.803,56.63,-9.376,40.194,41.526,39.62,57.736,49.938,0.552,52.69,53.941,56.518,53.531,True,False,False,False,True,False,False,100.0,6
ORCL,Oracle Corporation,545758488960.0,Technology,Software - Infrastructure,https://www.oracle.com,162000.0,189.76,162.084,209.024,-9.216,61.925,60.114,48.809,200.763,159.819,0.542,183.15,167.36,159.722,148.357,True,False,False,False,False,False,False,28.6,14
AON,Aon plc,66611722806.0,Financial Services,Insurance Brokers,https://www.aon.com,60000.0,310.9,321.971,342.259,-9.162,42.697,47.391,38.54,335.755,303.353,1.167,316.52,321.651,330.443,323.531,True,False,False,False,True,False,False,0.0,12
BXP,"BXP, Inc.",9266676181.0,Real Estate,REIT - Office,https://www.bxp.com,826.0,58.4,54.874,64.262,-9.121,55.13,59.015,55.13,60.202,56.744,0.61,59.23,55.77,57.823,52.216,True,False,False,False,False,False,False,85.7,7
DECK,Deckers Brands,13333360776.0,Consumer Cyclical,Footwear & Accessories,https://www.deckers.com,5500.0,93.93,103.187,103.267,-9.042,34.415,35.603,34.415,114.367,92.841,1.053,99.88,103.81,107.425,101.187,True,False,False,False,True,False,False,42.9,21
CBRE,CBRE Group,41230246206.0,Real Estate,Real Estate Services,https://www.cbre.com,155000.0,140.65,140.703,154.375,-8.891,42.936,49.207,42.293,153.796,138.675,0.838,143.785,148.1,150.025,136.232,True,False,False,False,False,False,True,0.0,3
012750.KS,에스원,1816506743.0,Industrials,Security & Protection Services,https://www.s1.co.kr,,71200.0,85090.0,78011.304,-8.731,24.302,24.743,21.977,99065.933,67864.067,1.245,78950.0,86900.0,85975.0,84000.0,True,True,False,False,True,False,False,,0
MCO,Moody's Corporation,76564176304.0,Financial Services,Financial Data & Stock Exchanges,https://www.moodys.com,16000.0,438.32,446.611,480.158,-8.713,42.042,50.146,42.042,467.124,442.324,0.771,451.115,453.47,467.051,441.838,True,False,False,False,True,False,False,50.0,8
214150.KQ,클래시스,2233767916.0,Healthcare,Medical Devices,https://classys.co.kr,,51000.0,54433.0,55695.071,-8.43,37.058,46.14,37.058,60550.672,52369.328,3.086,54150.0,55250.0,63300.0,53750.0,True,False,False,False,True,False,False,,1
META,Meta Platforms,1354147590928.0,Communication Services,Internet Content & Information,https://www.meta.com,77986.0,616.63,623.695,673.393,-8.429,46.395,40.923,39.171,706.558,576.141,0.912,608.79,641.675,631.812,579.096,True,False,False,False,False,False,True,85.7,7
377300.KS,카카오페이,4640461154.0,Technology,Software - Infrastructure,https://www.kakaopay.com,,51100.0,55761.0,55768.25,-8.371,41.34,52.54,41.34,61007.117,51602.883,1.799,57150.0,56175.0,62975.0,57100.0,True,False,False,False,True,False,False,,2
AVY,Avery Dennison,12209809501.0,Consumer Cyclical,Packaging & Containers,https://www.averydennison.com,35000.0,158.74,168.832,173.236,-8.368,36.353,38.206,35.32,172.205,157.866,0.76,163.705,167.13,179.498,174.566,True,False,False,False,True,False,False,54.5,11
035250.KS,강원랜드,2247968219.0,Consumer Cyclical,Resorts & Casinos,https://kangwonland.high1.com,,15650.0,16890.302,17075.983,-8.351,26.816,29.683,26.816,17685.488,15800.512,1.028,16500.0,16500.0,17291.007,17221.262,True,False,False,False,True,False,False,,0
ROL,"Rollins, Inc.",27250749200.0,,,,,52.82,54.577,57.618,-8.327,36.491,37.441,36.481,56.732,52.441,0.779,53.979,54.597,58.929,54.91,True,True,False,False,True,False,False,,0
DHI,D. R. Horton,40769958778.0,Consumer Cyclical,Residential Construction,https://www.drhorton.com,14341.0,140.73,144.783,153.359,-8.235,40.763,43.532,40.763,164.695,137.306,0.91,146.492,152.748,150.006,140.305,True,False,False,False,False,False,True,62.5,8
EXE,Expand Energy,22882239407.0,Energy,Oil & Gas E&P,https://www.expandenergy.com,1600.0,95.65,102.369,104.224,-8.226,39.803,41.692,39.803,101.586,93.228,0.658,98.23,98.357,108.205,106.313,True,False,False,False,True,False,False,,0
EXPE,Expedia Group,24909175869.0,Consumer Cyclical,Travel Services,https://www.expediagroup.com,16000.0,217.55,240.0,236.899,-8.168,35.238,36.968,35.238,278.524,217.172,1.066,235.93,247.135,234.012,229.79,True,True,False,False,True,False,False,,2
ECL,Ecolab,70252429249.0,Basic Materials,Specialty Chemicals,https://www.ecolab.com,48000.0,249.62,267.5,271.329,-8.001,34.633,36.322,34.633,278.683,246.5,0.966,257.205,263.81,280.552,271.921,True,False,False,False,True,False,False,,1
PGR,Progressive Corporation,114506573485.0,Financial Services,Insurance - Property & Casualty,https://www.progressive.com,70053.0,195.96,201.365,212.557,-7.808,43.397,47.456,38.277,207.253,193.481,0.997,197.525,200.105,203.53,201.573,True,True,False,False,True,False,False,9.1,11
ORLY,O’Reilly Automotive,74335742586.0,Consumer Cyclical,Auto Parts,https://www.oreillyauto.com,93973.0,89.7,92.527,97.176,-7.693,40.208,45.456,40.208,97.519,89.365,0.98,94.725,94.725,94.44,90.972,True,False,False,False,True,False,False,66.7,3
138040.KS,메리츠금융지주,11966056972.0,Financial Services,Capital Markets,https://www.meritzgroup.com/web/ko/main/main.do,,106500.0,113420.0,115341.5,-7.665,35.513,36.979,35.513,120715.707,107744.293,1.25,110800.0,113350.0,125650.0,114625.0,True,False,False,False,True,False,False,100.0,3
CRL,Charles River Laboratories,8035338186.0,Healthcare,Diagnostics & Research,https://www.criver.com,18300.0,162.85,170.039,176.319,-7.639,41.065,45.515,41.065,189.89,158.625,0.727,177.395,177.395,187.36,166.342,True,False,False,False,True,False,False,75.0,8
AXP,American Express,212325418908.0,Financial Services,Credit Services,https://www.americanexpress.com,76800.0,309.61,310.811,334.797,-7.523,42.719,46.841,42.719,333.226,307.152,0.854,316.38,323.87,329.493,299.807,True,False,False,False,False,False,True,100.0,7
GEN,Gen Digital,14105909296.0,Technology,Software - Infrastructure,https://www.gendigital.com,,23.29,20.113,25.182,-7.514,71.893,65.87,46.279,22.769,17.595,1.62,21.195,20.58,21.892,19.88,True,False,True,False,False,True,False,30.4,23
323410.KS,카카오뱅크,7063491585.0,Financial Services,Banks - Regional,https://kakaobank.com,,22050.0,24353.0,23817.466,-7.421,29.935,32.74,29.935,26451.165,22588.835,1.427,24000.0,24000.0,24859.768,24737.5,True,False,False,False,True,False,False,16.7,6
TDG,TransDigm Group,71982332871.0,,,,,1201.4,1205.606,1297.198,-7.385,50.329,48.403,41.208,1271.481,1115.361,0.597,1204.09,1215.635,1287.305,1192.87,True,False,False,False,False,False,True,40.0,5
HBAN,Huntington Bancshares,31116454510.0,Financial Services,Banks - Regional,https://www.huntington.com,24641.0,15.35,16.037,16.536,-7.172,34.99,41.214,34.99,17.27,15.625,1.154,16.067,16.343,17.077,15.702,True,False,False,False,True,False,False,100.0,6
MLM,Martin Marietta Materials,34633874661.0,Basic Materials,Building Materials,https://www.martinmarietta.com,9600.0,576.79,602.252,621.279,-7.161,35.273,36.864,35.273,634.306,580.346,0.903,598.315,605.33,632.409,601.677,True,False,False,False,True,False,False,100.0,1
MSI,Motorola Solutions,66047982122.0,Technology,Communication Equipment,https://www.motorolasolutions.com,23000.0,397.89,442.467,428.001,-7.035,32.892,27.838,21.614,467.985,390.045,1.207,412.745,415.625,449.117,441.324,True,True,False,False,True,False,False,22.2,9
AMCR,Amcor,18065986479.0,Consumer Cyclical,Packaging & Containers,https://www.amcor.com,77000.0,39.1,40.182,42.028,-6.967,46.768,47.36,34.18,42.097,36.662,0.63,39.015,39.585,44.115,41.275,True,False,False,False,True,False,False,16.7,18
HCA,HCA Healthcare,94845388092.0,Healthcare,Medical Care Facilities,https://www.hcahealthcare.com,230000.0,427.54,480.044,459.501,-6.955,33.843,34.763,29.173,488.812,402.323,0.968,431.205,466.45,507.457,492.066,True,False,False,False,True,False,False,,0
257720.KQ,실리콘투,1669534490.0,Consumer Defensive,Household & Personal Products,https://www.siliconii.com,,40650.0,41351.685,43663.507,-6.902,39.151,42.066,39.151,49946.639,41088.361,1.29,43500.0,44025.0,45190.766,39009.972,True,False,False,False,False,False,True,,1
031210.KS,서울보증보험,2057960919.0,Financial Services,Insurance - Diversified,https://www.sgic.co.kr,,43900.0,49794.368,47106.312,-6.807,28.206,31.448,28.206,51497.566,44297.434,0.818,46450.0,47225.0,52654.572,51607.574,True,False,False,False,True,False,False,,0
051900.KS,LG생활건강,2635308196.0,Consumer Defensive,Household & Personal Products,https://www.lghnh.com,,256500.0,250283.149,274975.38,-6.719,48.901,54.505,48.901,277354.86,238895.14,0.979,271500.0,263500.0,251230.808,247620.45,True,False,False,False,False,False,False,7.7,13
RSG,Republic Services,63428706218.0,,,,,203.67,214.529,218.28,-6.693,43.398,41.022,31.383,213.551,197.85,0.887,204.055,207.9,220.823,219.524,True,True,False,False,True,False,False,0.0,3
WRB,W. R. Berkley Corporation,24791294667.0,,,,,65.43,66.78,70.116,-6.683,43.24,49.665,43.24,67.857,65.163,0.65,66.5,66.895,68.55,66.99,True,False,False,False,True,False,False,,1
030000.KS,제일기획,1452092110.0,Communication Services,Advertising Agencies,https://www.cheil.com/hq,,18800.0,19842.8,20118.531,-6.554,33.901,36.375,33.901,20290.25,18849.75,1.177,19475.0,19475.0,20865.0,20090.0,True,False,False,False,True,False,False,,0
HPQ,HP Inc.,19443337231.0,Technology,Computer Hardware,https://www.hp.com,55000.0,21.26,19.576,22.729,-6.464,56.684,55.457,55.457,22.23,19.071,0.664,21.575,20.455,19.205,18.751,True,False,False,False,False,False,False,33.3,15
097950.KS,CJ제일제당,2107396021.0,Consumer Defensive,Packaged Foods,https://www.cj.co.kr,,208500.0,220786.0,222622.93,-6.344,33.115,35.36,33.115,250630.215,215269.785,1.167,229750.0,229750.0,214150.0,209747.04,True,False,False,False,True,False,False,46.7,15
MMM,3M,76722544093.0,Industrials,Conglomerates,https://www.3m.com,60500.0,147.1,147.594,156.794,-6.182,51.834,43.071,37.601,152.312,139.476,1.603,145.573,149.765,157.979,148.625,True,False,True,False,True,False,False,,0
SYY,Sysco,36465874108.0,,,,,73.19,77.071,77.877,-6.018,43.164,42.033,38.366,76.883,71.462,0.7,73.53,74.295,79.421,77.3,True,False,False,False,True,False,False,,0
VMC,Vulcan Materials Company,38456357727.0,,,,,274.54,281.129,291.87,-5.938,37.747,41.283,37.747,302.446,277.55,1.241,288.055,289.615,291.407,276.432,True,False,False,False,True,False,False,100.0,2
090430.KS,아모레퍼시픽,4732296773.0,Consumer Defensive,Household & Personal Products,https://www.apgroup.com,,120500.0,132888.387,128059.154,-5.903,34.605,36.974,34.605,147521.291,118778.709,0.881,137300.0,137650.0,142267.732,138372.818,True,False,False,False,True,False,False,100.0,1
ZBRA,Zebra Technologies,11476446878.0,,,,,246.76,219.117,262.237,-5.902,64.648,62.088,42.9,244.388,213.44,1.502,237.875,236.505,251.225,212.298,True,False,False,False,False,False,True,44.4,9
BDX,Becton Dickinson,41014401597.0,Healthcare,Medical Instruments & Supplies,https://www.bd.com,70000.0,144.18,155.255,153.176,-5.873,40.545,44.353,30.563,160.065,140.685,1.079,149.055,151.39,169.491,160.462,True,False,False,False,True,False,False,25.0,12
087010.KQ,펩트론,4172143368.0,,,,,266500.0,281590.0,283090.0,-5.86,47.787,56.498,42.919,284753.254,247296.746,1.536,279000.0,276750.0,302625.0,283500.0,True,False,False,True,True,False,False,,0
CRH,CRH plc,72666784365.0,Basic Materials,Building Materials,https://www.crh.com,83032.0,108.75,110.04,115.447,-5.801,41.646,45.962,41.646,120.055,109.376,1.079,113.41,114.42,114.212,106.708,True,False,False,False,False,False,True,100.0,3
TEL,TE Connectivity,72671932051.0,,,,,207.66,212.619,220.442,-5.798,44.921,49.351,40.342,245.045,188.677,1.16,209.955,227.225,218.06,207.525,True,False,False,False,False,False,True,100.0,5
APH,Amphenol,153236243570.0,Technology,Electronic Components,https://www.amphenol.com,170000.0,124.64,136.222,131.942,-5.534,35.674,38.223,30.514,160.78,123.111,1.089,134.05,138.445,142.475,128.039,True,True,False,False,True,False,False,,2
029780.KS,삼성카드,3799940128.0,Financial Services,Credit Services,https://www.samsungcard.com,,48850.0,54240.392,51682.02,-5.48,26.006,27.947,26.006,56328.498,49321.502,1.127,51100.0,51700.0,57829.053,55105.236,True,False,False,False,True,False,False,,0
CVNA,Carvana,9995264453.0,Consumer Cyclical,Auto & Truck Dealerships,https://www.carvana.com,23100.0,69.9,69.171,73.947,-5.473,40.662,47.145,40.662,84.7,71.374,0.879,75.475,73.589,75.921,59.947,True,False,False,False,False,False,True,,0
T,AT&T,182792569923.0,,,,,24.74,26.886,26.142,-5.362,34.949,39.274,33.675,26.847,24.77,0.97,25.56,25.938,28.071,25.924,True,False,False,False,True,False,False,66.7,6
140410.KQ,메지온,1573254069.0,,,,,77100.0,95340.0,81461.0,-5.353,34.765,39.024,34.765,98375.892,79314.108,1.383,87450.0,87450.0,125950.0,100025.0,True,False,False,False,True,False,False,,0
TKO,TKO Group Holdings,14400382629.0,,,,,183.7,193.253,194.088,-5.352,39.931,39.06,39.06,189.03,182.304,0.5,187.795,190.465,204.9,200.386,True,False,False,False,True,False,False,,0
UAL,United Airlines Holdings,32111070374.0,,,,,95.7,93.489,100.965,-5.215,51.207,51.444,43.726,102.34,87.01,0.502,96.505,96.965,101.79,93.24,True,False,False,False,False,False,True,100.0,6
SYF,Synchrony Financial,27314115604.0,,,,,69.81,70.631,73.628,-5.186,38.182,41.029,38.182,79.764,70.099,0.638,72.755,74.498,70.851,66.617,True,False,False,False,False,False,True,100.0,4
000240.KS,한국앤컴퍼니,1494696847.0,Consumer Cyclical,Auto Parts,https://www.hankookandcompany.com,,23450.0,24900.089,24730.551,-5.178,39.163,40.67,39.163,25902.62,23812.38,0.938,24300.0,24325.0,29156.318,26465.799,True,False,False,False,True,False,False,100.0,4
003570.KS,SNT다이내믹스,1131925003.0,Industrials,Aerospace & Defense,https://www.hisntd.com,,50700.0,52291.211,53464.725,-5.171,41.258,42.075,41.258,60259.338,50410.662,0.717,56375.0,55500.0,52474.247,50995.775,True,True,False,False,True,False,False,,0
036460.KS,한국가스공사,2311822656.0,Utilities,Utilities - Regulated Gas,https://www.kogas.or.kr,,37300.0,36615.0,39285.483,-5.054,49.152,44.668,44.668,39553.95,35571.05,1.123,37950.0,37175.0,39875.0,37275.0,True,False,False,False,False,False,True,,2
LH,Labcorp,20862440000.0,Healthcare,Diagnostics & Research,https://www.labcorp.com,71000.0,254.42,265.49,267.844,-5.012,39.757,43.295,33.773,273.738,248.25,0.625,255.22,264.15,275.603,272.48,True,False,False,False,True,False,False,,2
ICE,Intercontinental Exchange,87541334226.0,Financial Services,Financial Data & Stock Exchanges,https://www.ice.com,12694.0,154.8,159.278,162.934,-4.992,43.42,45.352,38.878,162.14,152.534,0.479,156.675,160.275,160.08,159.599,True,False,False,False,True,False,False,66.7,6
BF-B,Brown–Forman,7593264122.0,Consumer Defensive,Beverages - Wineries & Distilleries,https://www.brown-forman.com,5000.0,26.16,26.314,27.524,-4.956,45.01,47.186,35.251,30.113,24.475,0.577,26.275,27.92,26.559,25.834,True,False,False,False,False,False,True,66.7,9
PEG,Public Service Enterprise Group,38480378662.0,Utilities,Utilities - Regulated Electric,https://investor.pseg.com,13189.0,77.22,81.147,81.164,-4.859,39.138,43.864,36.485,82.509,76.752,0.865,79.38,80.535,82.105,81.808,True,True,False,False,True,False,False,,0
AMT,American Tower,81087763723.0,Real Estate,REIT - Specialty,https://www.americantower.com,4866.0,173.87,177.608,182.195,-4.569,43.138,51.183,43.138,183.496,173.778,0.97,177.56,177.56,178.482,173.177,True,False,False,False,False,False,True,0.0,8
STZ,Constellation Brands,27710330768.0,,,,,140.52,152.244,146.981,-4.395,33.301,35.352,33.301,164.457,140.588,1.278,148.42,153.296,155.085,150.866,True,False,False,False,True,False,False,31.6,19
WY,Weyerhaeuser,18343323973.0,,,,,23.1,24.108,24.157,-4.377,36.09,39.716,36.09,25.665,22.908,1.395,23.99,24.365,24.961,23.784,True,False,False,False,True,False,False,15.4,13
HSIC,Henry Schein,7911518774.0,Healthcare,Medical Distribution,https://www.henryschein.com,25000.0,69.45,74.931,72.585,-4.319,33.698,33.224,31.59,81.439,67.709,0.828,72.365,74.9,80.265,75.122,True,True,False,False,True,False,False,100.0,6
011200.KS,HMM,12558183014.0,Industrials,Marine Shipping,https://www.hmm21.com,,19830.0,20721.8,20686.167,-4.139,40.084,39.653,39.653,21582.382,19925.618,0.938,20710.0,20710.0,21880.597,20967.5,True,False,False,False,True,False,False,,1
192820.KS,코스맥스,1425718155.0,Consumer Defensive,Household & Personal Products,https://www.cosmax.com,,187100.0,193717.825,195094.876,-4.098,38.195,61.629,38.195,231097.01,192302.99,3.212,208400.0,206500.0,187779.293,180498.416,True,False,False,False,False,False,True,33.3,3
PG,Procter & Gamble,331219918631.0,Consumer Defensive,Household & Personal Products,https://www.pginvestor.com,109000.0,142.24,145.729,148.172,-4.003,43.037,46.359,43.037,149.919,140.452,0.753,145.47,146.615,152.844,147.291,True,False,False,False,True,False,False,42.9,7
SCHW,Charles Schwab Corporation,161903962929.0,,,,,91.17,92.805,94.955,-3.986,48.892,45.623,36.699,93.492,87.826,0.677,90.084,93.963,98.217,93.039,True,False,False,False,True,False,False,,0
AWK,American Water Works,24872828120.0,Utilities,Utilities - Regulated Water,https://www.amwater.com,7000.0,127.37,132.689,132.637,-3.971,44.468,45.158,33.45,134.499,122.782,0.927,125.616,130.655,134.97,129.907,True,False,False,False,True,False,False,75.0,4
KHC,Kraft Heinz,27486325649.0,Consumer Defensive,Packaged Foods,https://www.kraftheinzcompany.com,35000.0,23.18,22.634,24.084,-3.753,55.257,58.02,49.696,23.802,21.443,0.853,23.082,22.95,22.909,22.653,True,False,False,False,False,False,False,31.2,16
RJF,Raymond James Financial,29910648058.0,,,,,153.96,149.618,159.766,-3.634,51.506,50.57,45.613,159.313,149.909,0.407,155.405,152.98,156.155,145.231,True,False,False,False,False,False,True,100.0,3
DIS,Walt Disney Company (The),185832432370.0,Communication Services,Entertainment,https://thewaltdisneycompany.com,175560.0,104.9,101.022,108.638,-3.441,53.613,56.962,45.666,108.971,99.64,0.662,105.27,104.08,103.24,96.838,True,False,False,False,False,False,False,62.5,8
FE,FirstEnergy,25520383441.0,Utilities,Utilities - Regulated Electric,https://www.firstenergycorp.com,11186.0,44.12,48.901,45.681,-3.416,23.564,26.031,21.357,51.023,43.199,0.47,45.561,47.838,49.975,48.462,True,False,False,False,True,False,False,,0
VICI,Vici Properties,30765503391.0,,,,,28.21,28.182,29.178,-3.316,46.685,51.436,46.685,29.137,28.016,0.714,28.665,28.56,28.273,27.751,True,False,False,False,False,False,True,0.0,4
ABBV,AbbVie,368786955604.0,Healthcare,Drug Manufacturers - General,https://www.abbvie.com,57000.0,208.5,209.674,215.508,-3.252,53.558,52.697,43.18,212.098,196.496,0.81,205.67,202.81,217.58,213.449,True,False,False,True,True,False,False,,0
ITW,Illinois Tool Works,71953770000.0,Industrials,Specialty Industrial Machinery,https://www.itw.com,43000.0,250.1,264.303,258.435,-3.225,36.455,37.61,34.048,278.091,245.817,0.551,255.64,260.89,277.614,266.159,True,False,False,False,True,False,False,50.0,4
V,Visa Inc.,527762632151.0,,,,,320.31,311.073,330.05,-2.951,53.289,60.125,52.835,333.526,302.849,0.747,325.331,321.494,314.74,304.878,True,False,False,False,False,False,False,100.0,5
BAC,Bank of America,355354616315.0,Financial Services,Banks - Diversified,https://www.bankofamerica.com,212134.0,49.84,50.532,51.212,-2.678,37.975,42.475,37.975,54.82,50.33,0.729,52.0,52.6,51.335,48.48,True,False,False,False,False,False,True,100.0,6
004990.KS,롯데지주,1863568477.0,Consumer Defensive,Confectioners,https://www.lotte.co.kr,,27850.0,29073.202,28521.793,-2.355,42.044,46.012,42.044,30739.647,27535.353,1.103,29700.0,29225.0,32314.942,29919.345,True,False,False,False,True,False,False,,0
AIG,American International Group,40532203831.0,Financial Services,Insurance - Diversified,https://www.aig.com,22100.0,75.78,76.326,77.608,-2.355,46.824,49.484,43.447,79.716,73.413,1.261,77.36,76.375,75.987,75.908,True,False,False,True,True,False,False,100.0,4
WM,Waste Management,90325150448.0,,,,,216.44,229.621,221.575,-2.317,37.394,38.728,32.152,234.853,213.642,1.079,223.885,223.885,232.207,230.367,True,True,False,False,True,False,False,100.0,4
EXC,Exelon,45297424446.0,Utilities,Utilities - Regulated Electric,https://www.exeloncorp.com,20000.0,44.27,47.645,45.32,-2.317,35.433,39.264,28.674,48.144,43.808,0.975,45.44,46.99,48.41,46.766,True,True,False,False,True,False,False,,0
RL,Ralph Lauren Corporation,13032192888.0,,,,,331.62,354.776,338.799,-2.119,36.096,38.16,36.096,394.19,333.651,1.204,351.36,360.595,353.605,343.626,True,False,False,False,True,False,False,,0
LII,Lennox International,17660983760.0,Industrials,Building Products & Equipment,https://www.lennox.com,5400.0,507.5,493.301,518.153,-2.056,50.147,50.552,50.147,542.841,473.889,0.669,525.658,509.64,503.302,479.452,True,False,False,False,False,False,False,66.7,12
SJM,J.M. Smucker Company (The),10253169389.0,,,,,100.87,98.637,102.879,-1.953,63.272,61.636,49.617,100.8,93.529,0.978,98.15,94.755,106.495,100.197,True,False,False,False,False,False,True,100.0,5
OMC,Omnicom Group,21158859991.0,Communication Services,Advertising Agencies,https://www.omc.com,120000.0,74.24,77.169,75.705,-1.936,39.497,46.66,39.497,79.184,74.578,0.89,76.007,76.675,77.612,75.992,True,False,False,False,True,False,False,30.0,10
TTWO,Take-Two Interactive,40155297634.0,,,,,226.99,208.89,231.4,-1.906,65.567,64.65,56.563,228.292,207.699,1.106,220.26,211.725,218.09,199.618,True,False,False,False,False,False,False,33.3,6
SW,Smurfit Westrock,22385644263.0,,,,,40.44,40.569,41.209,-1.865,49.065,49.683,39.083,42.879,38.131,0.432,40.328,40.068,44.11,40.572,True,False,False,True,True,False,False,57.1,14
KVUE,Kenvue,33004949003.0,Consumer Defensive,Household & Personal Products,https://www.kenvue.com,21780.0,17.19,17.503,17.514,-1.847,45.048,50.137,42.946,17.772,17.112,1.396,17.45,17.325,17.91,17.562,True,False,False,False,True,False,False,22.2,9
AMP,Ameriprise Financial,42549778901.0,Financial Services,Asset Management,https://www.ameriprise.com,13600.0,469.18,453.873,477.845,-1.813,54.186,54.872,47.953,480.004,452.121,0.711,468.725,462.471,483.698,443.413,True,False,False,False,False,False,True,100.0,4
CAH,Cardinal Health,43851139582.0,Healthcare,Medical Distribution,https://www.cardinalhealth.com,53084.0,186.35,207.019,189.767,-1.8,33.946,27.071,26.959,217.241,178.068,1.255,190.425,199.11,218.201,213.954,True,True,False,False,True,False,False,,0
HII,Huntington Ingalls Industries,13169614572.0,Industrials,Aerospace & Defense,https://www.hii.com,44000.0,334.22,385.577,339.985,-1.696,36.088,35.632,20.911,406.214,302.798,0.768,339.545,362.515,405.267,400.593,True,True,False,False,True,False,False,,0
LHX,L3Harris,56806919408.0,Industrials,Aerospace & Defense,https://www.l3harris.com,45000.0,304.93,342.453,310.088,-1.663,33.098,35.872,23.183,354.09,286.282,0.499,309.66,330.47,353.188,353.025,True,False,False,False,True,False,False,,0
180640.KS,한진칼,5029291740.0,Consumer Cyclical,Lodging,https://www.hanjinkal.com,24.0,112200.0,116126.205,114089.975,-1.657,46.912,42.865,42.013,118929.309,109090.691,1.367,111750.0,114050.0,140679.849,129215.172,True,False,False,False,True,False,False,,0
PPL,PPL Corporation,26896525442.0,Utilities,Utilities - Regulated Electric,https://www.pplweb.com,6546.0,35.75,38.056,36.303,-1.523,31.137,35.198,29.251,39.929,35.556,0.97,36.943,37.888,37.902,36.934,True,True,False,False,True,False,False,,0
GE,GE Aerospace,307481916527.0,Industrials,Aerospace & Defense,https://www.geaerospace.com,57000.0,294.71,298.352,298.87,-1.392,49.582,51.26,41.732,309.19,274.359,0.43,294.705,294.025,309.382,296.536,True,False,False,False,True,False,False,,0
MAA,Mid-America Apartment Communities,15053210291.0,Real Estate,REIT - Residential,https://www.maac.com,2507.0,129.34,125.885,131.117,-1.355,56.396,55.996,55.996,132.486,123.833,0.461,130.045,127.29,127.507,123.8,True,False,False,False,False,False,False,36.4,11
175330.KS,JB금융지주,3128248717.0,Financial Services,Banks - Regional,https://www.jbfg.com,,24750.0,28999.845,25088.524,-1.349,27.027,31.119,27.027,32075.653,24061.812,1.453,25937.765,28161.408,29817.968,29549.759,True,False,False,False,True,False,False,,0
FAST,Fastenal,50249494620.0,Industrials,Industrial Distribution,https://www.fastenal.com,21763.0,43.77,45.227,44.34,-1.286,43.605,40.023,39.865,45.832,43.283,1.094,44.305,46.188,45.684,45.353,True,True,False,False,True,False,False,,2
003230.KS,삼양식품,6549700169.0,Consumer Defensive,Packaged Foods,https://www.samyangfoods.com,,1295000.0,1219860.0,1310391.114,-1.175,50.59,54.999,48.04,1397157.713,1249342.287,1.283,1325000.0,1279000.0,1192750.0,1153500.0,True,False,False,False,False,False,False,50.0,4
YUM,Yum! Brands,44690359360.0,,,,,149.77,157.982,151.517,-1.153,37.569,42.078,36.161,164.521,149.524,0.705,155.46,156.775,160.147,158.202,True,True,False,False,True,False,False,,0
CCEP,Coca-Cola Europacific Partners,40667189973.0,Consumer Defensive,Beverages - Non-Alcoholic,https://www.cocacolaep.com,37003.0,91.42,95.952,92.459,-1.124,39.173,42.964,38.788,99.142,91.16,0.959,93.685,95.575,99.8,96.198,True,False,False,False,True,False,False,,0
TJX,TJX Companies,176746593337.0,,,,,147.03,157.413,148.678,-1.109,29.267,34.368,29.267,162.653,148.784,1.425,152.21,155.98,157.9,154.049,True,False,False,False,True,False,False,,0
000120.KS,CJ대한통운,1461171206.0,Industrials,Integrated Freight & Logistics,https://www.cjlogistics.com,,95400.0,106499.759,96421.54,-1.059,32.888,33.335,32.888,108604.628,95445.372,1.021,98250.0,101400.0,123182.438,112637.153,True,False,False,False,True,False,False,,1
KR,Kroger,40577008473.0,Consumer Defensive,Grocery Stores,https://www.thekrogerco.com,403000.0,66.24,69.954,66.881,-0.958,44.13,35.199,35.199,69.466,64.636,1.132,66.265,67.89,71.993,68.648,True,True,False,False,True,False,False,,1
BRK-B,Berkshire Hathaway,675223541590.0,Financial Services,Insurance - Diversified,https://www.berkshirehathaway.com,387800.0,485.52,479.578,489.781,-0.87,61.393,60.876,37.361,484.356,462.987,0.774,476.88,476.715,489.67,479.627,True,False,False,True,False,False,True,33.3,3
JPM,JPMorgan Chase,804523303254.0,Financial Services,Banks - Diversified,https://www.jpmorganchase.com,320079.0,300.25,299.528,302.88,-0.868,44.068,48.539,42.865,318.428,300.242,0.962,305.925,307.895,301.209,289.256,True,True,False,False,False,False,True,,2
LMT,Lockheed Martin,119879242344.0,Industrials,Aerospace & Defense,https://www.lockheedmartin.com,123000.0,519.94,591.723,523.489,-0.678,35.578,35.965,23.003,592.822,470.3,0.397,512.405,568.595,631.406,629.42,True,False,False,False,True,False,False,100.0,5
PPG,PPG Industries,23507034000.0,Basic Materials,Specialty Chemicals,https://www.ppg.com,43500.0,105.46,106.37,106.1,-0.603,45.606,47.16,41.678,114.238,102.9,0.656,108.08,110.321,113.623,105.87,True,False,False,False,True,False,False,53.8,13
068270.KS,셀트리온,28386377731.0,Healthcare,Biotechnology,https://www.celltrion.com,,190500.0,202210.0,191574.302,-0.561,40.069,42.252,40.069,212462.175,190447.825,1.357,197700.0,199700.0,219350.0,207250.0,True,True,False,False,True,False,False,42.9,7
WAT,Waters Corporation,32945320435.0,,,,,334.93,312.964,336.785,-0.551,54.13,63.829,43.758,365.871,285.838,1.035,328.18,322.32,341.935,300.698,True,False,False,True,False,False,True,31.2,16
DRI,Darden Restaurants,22083493928.0,Consumer Cyclical,Restaurants,https://www.darden.com,197924.0,192.81,197.605,193.747,-0.483,44.224,53.081,42.636,203.232,191.558,1.148,196.44,195.73,203.866,197.482,True,False,False,False,True,False,False,81.8,11
RTX,RTX Corporation,251925994757.0,,,,,178.11,192.049,178.932,-0.46,41.004,42.163,29.667,194.884,164.376,0.496,175.565,188.28,200.035,196.068,True,False,False,False,True,False,False,,0
PRU,Prudential Financial,35559144455.0,Financial Services,Insurance - Life,https://www.prudential.com,36607.0,102.38,96.98,102.719,-0.331,63.023,63.898,51.161,104.131,93.264,0.882,100.195,98.025,101.437,96.083,True,False,False,False,False,False,False,14.3,7
HIG,Hartford (The),36357970657.0,Financial Services,Insurance - Diversified,https://www.thehartford.com,19200.0,132.63,136.01,132.992,-0.272,40.937,42.211,38.176,141.217,130.496,0.574,134.97,136.345,135.51,135.48,True,False,False,False,True,False,False,,0
088980.KS,맥쿼리인프라,3594921434.0,,,,,11180.0,11336.6,11204.738,-0.221,36.657,39.555,36.657,11473.255,11187.745,1.29,11295.0,11310.0,11495.0,11347.5,True,False,False,False,True,False,False,,0
EQT,EQT Corporation,34982984540.0,Energy,Oil & Gas E&P,https://www.eqt.com,1523.0,55.93,60.541,55.919,0.019,37.162,36.176,35.652,60.308,55.343,0.557,57.486,57.9,63.641,60.723,False,False,False,False,True,False,False,,0
042660.KS,한화오션,24975215877.0,Industrials,Aerospace & Defense,https://www.hanwhaocean.com,,121400.0,127450.0,121367.75,0.027,40.484,41.09,40.484,138104.676,121955.324,0.754,127150.0,127950.0,131650.0,127625.0,False,False,False,False,True,False,False,,0
MAS,Masco,13613039809.0,Industrials,Building Products & Equipment,https://masco.com,18000.0,67.48,65.299,67.423,0.085,45.761,52.457,45.761,76.792,64.466,0.82,70.455,68.82,68.506,62.62,False,False,False,False,False,False,True,22.2,9
CCI,Crown Castle,39107241549.0,Real Estate,REIT - Specialty,https://www.crowncastle.com,1500.0,89.62,86.089,89.53,0.1,55.239,61.995,55.239,92.632,83.808,1.436,90.052,88.055,83.387,82.391,False,False,False,False,False,False,False,41.7,12
NDAQ,"Nasdaq, Inc.",51017435388.0,Financial Services,Financial Data & Stock Exchanges,https://www.nasdaq.com,9613.0,90.21,87.276,90.039,0.19,56.664,53.885,49.681,92.423,86.377,0.747,90.185,87.615,89.018,85.046,False,False,False,False,False,False,False,50.0,4
ACGL,Arch Capital Group,33247381522.0,Financial Services,Insurance - Diversified,https://www.archgroup.com,8000.0,93.32,95.421,93.136,0.198,41.92,45.615,41.92,99.021,91.853,0.988,94.455,95.56,97.175,95.923,False,False,False,False,True,False,False,,1
EW,Edwards Lifesciences,46864362000.0,Healthcare,Medical Devices,https://www.edwards.com,16000.0,81.39,81.683,81.224,0.204,50.176,45.565,37.251,85.27,77.878,0.822,80.775,80.775,81.57,80.99,False,True,False,False,False,False,True,,2
ES,Eversource Energy,25667461706.0,Utilities,Utilities - Regulated Electric,https://www.eversource.com,10731.0,68.25,69.725,68.073,0.26,47.387,49.646,37.063,70.83,66.234,0.536,69.045,69.045,70.757,69.698,False,False,False,False,True,False,False,100.0,3
TFC,Truist Financial,63340488360.0,,,,,46.54,47.492,46.38,0.346,36.268,42.078,36.268,51.954,47.382,1.655,48.596,48.958,48.868,45.905,False,False,False,False,False,False,True,100.0,4
CMS,CMS Energy,22425236451.0,Utilities,Utilities - Regulated Electric,https://www.cmsenergy.com,8350.0,72.81,76.013,72.469,0.47,37.376,39.574,34.89,77.643,72.058,0.706,74.41,75.988,76.325,73.782,False,False,False,False,True,False,False,,0
PEP,PepsiCo,204017506380.0,Consumer Defensive,Beverages - Non-Alcoholic,https://www.pepsico.com,306000.0,149.27,155.62,148.515,0.509,38.45,42.779,36.502,160.015,150.135,0.92,154.18,154.195,156.122,155.877,False,False,False,False,True,False,False,50.0,6
085660.KQ,차바이오텍,929435316.0,Healthcare,Biotechnology,https://www.chabio.com,,14890.0,17940.2,14812.4,0.524,29.355,32.398,29.256,19066.321,14965.679,1.25,16180.0,16600.0,19412.5,18825.0,False,False,False,False,True,False,False,55.6,9
L,Loews Corporation,21416424302.0,Financial Services,Insurance - Property & Casualty,https://www.loews.com,13100.0,104.08,108.354,103.508,0.552,36.792,37.578,34.78,115.408,102.011,0.624,108.36,108.36,107.928,107.007,False,True,False,False,True,False,False,,0
204270.KQ,제이앤티씨,796211648.0,Technology,Electronic Components,https://thejntc.com,,20500.0,18252.6,20374.2,0.617,54.483,57.823,53.128,22239.452,17562.548,0.695,21175.0,19220.0,20835.0,18017.5,False,False,False,False,False,False,True,,2
EMR,Emerson Electric,77159376000.0,Industrials,Specialty Industrial Machinery,https://www.emerson.com,71000.0,137.76,137.424,136.873,0.648,47.104,46.387,43.067,147.751,134.041,0.991,141.985,141.985,143.579,133.248,False,False,False,False,False,False,True,100.0,3
RF,Regions Financial Corporation,22725497097.0,Financial Services,Banks - Regional,https://www.regions.com,19910.0,26.63,26.991,26.435,0.737,40.003,44.583,40.003,28.944,26.908,1.45,27.56,27.645,27.975,26.173,False,False,False,False,False,False,True,100.0,5
SOLV,Solventum,12145303990.0,,,,,74.41,67.779,73.797,0.83,67.1,70.498,45.292,75.012,64.874,1.357,71.085,69.53,72.19,66.259,False,False,False,False,False,False,False,57.1,7
RVTY,Revvity,10401063511.0,,,,,95.01,90.063,94.214,0.844,54.37,63.207,44.544,102.982,80.765,0.591,94.005,92.11,100.811,89.165,False,False,False,True,False,False,True,21.4,14
DUK,Duke Energy,96421045661.0,Utilities,Utilities - Regulated Electric,https://www.duke-energy.com/home,26441.0,123.9,129.101,122.85,0.855,37.616,41.065,37.19,129.896,123.482,0.861,126.79,128.505,130.368,124.879,False,False,False,False,True,False,False,,0
NWSA,News Corp (Class A),9714678856.0,Communication Services,Entertainment,https://newscorp.com,22300.0,26.66,25.151,26.398,0.994,59.394,58.109,48.325,27.145,25.498,0.849,26.505,26.065,24.602,24.563,False,False,False,False,False,False,False,44.4,9
GD,General Dynamics,92314048634.0,Industrials,Aerospace & Defense,https://www.gd.com,110000.0,341.36,343.48,337.708,1.081,50.923,56.544,50.923,361.164,309.662,0.441,346.775,330.17,351.527,348.081,False,False,False,True,True,False,False,,0
290650.KQ,엘앤씨바이오,1010951926.0,Healthcare,Medical Devices,https://www.lncbio.co.kr,,60600.0,71474.0,59889.601,1.186,35.8,38.244,34.086,76569.993,58100.007,0.718,65450.0,67100.0,87900.0,76725.0,False,True,False,False,True,False,False,,1
ANET,Arista Networks,177152548232.0,Technology,Computer Hardware,https://www.arista.com,5115.0,140.69,145.866,139.014,1.206,39.898,41.081,35.191,189.537,134.17,1.211,157.115,157.465,133.61,126.923,False,True,False,False,False,False,False,100.0,3
MTB,M&T Bank,29886507845.0,Financial Services,Banks - Regional,https://www.mtb.com,21866.0,204.08,210.788,201.268,1.397,35.217,40.811,35.217,223.516,207.035,0.743,211.485,213.615,215.649,207.08,False,False,False,False,True,False,False,100.0,5
SO,Southern Company,105414206765.0,,,,,93.14,95.468,91.823,1.434,44.535,45.826,37.827,96.839,91.016,0.832,94.505,95.045,96.138,92.896,False,False,False,False,False,False,True,,1
WEC,WEC Energy Group,37501052865.0,,,,,112.2,115.261,110.561,1.483,40.976,42.115,38.288,118.085,111.212,0.561,115.033,115.238,115.097,112.749,False,True,False,False,True,False,False,,0
MSCI,MSCI Inc.,41520909549.0,Financial Services,Financial Data & Stock Exchanges,https://www.msci.com,6319.0,570.91,563.376,562.029,1.58,46.195,52.721,46.195,608.262,563.381,0.871,578.279,576.905,561.467,543.008,False,False,False,False,False,False,False,0.0,3
CPT,Camden Property Trust,11032937934.0,Real Estate,REIT - Residential,https://www.camdenliving.com,1640.0,105.35,101.711,103.701,1.59,58.972,58.537,53.252,106.933,100.673,0.403,104.555,103.295,103.383,100.336,False,False,False,False,False,False,False,41.7,12
HSY,Hershey Company (The),29004136315.0,Consumer Defensive,Confectioners,https://www.thehersheycompany.com,17550.0,195.67,202.892,192.022,1.9,54.079,48.323,28.4,195.454,181.663,1.329,188.38,195.635,214.09,213.519,False,False,False,False,True,False,False,,1
APO,Apollo Global Management,76097349681.0,Financial Services,Asset Management,https://www.apollo.com/institutional/homepage,6140.0,131.6,116.358,129.127,1.915,62.92,63.64,60.907,134.4,120.647,0.554,130.85,119.02,120.327,107.87,False,False,False,False,False,False,False,57.1,21
BLK,BlackRock,169984808206.0,Financial Services,Asset Management,https://www.blackrock.com,24900.0,1094.1,1009.208,1072.643,2.0,64.759,64.402,55.389,1095.34,1024.437,1.405,1072.81,1040.16,1029.527,977.084,False,False,False,False,False,False,False,100.0,7
009420.KS,한올바이오파마,1545031021.0,Healthcare,Drug Manufacturers - Specialty & Generic,https://www.hanall.co.kr,,44050.0,51609.0,43173.25,2.031,38.668,44.141,36.232,52904.809,42945.191,0.848,47825.0,48675.0,55850.0,55650.0,False,False,False,False,True,False,False,0.0,3
NWS,News Corp (Class B),5593667769.0,Communication Services,Entertainment,https://newscorp.com,22300.0,30.68,28.788,30.062,2.055,58.199,55.892,49.755,31.276,29.431,1.009,30.55,30.04,28.34,27.866,False,False,False,False,False,False,False,33.3,3
039200.KQ,오스코텍,1223967777.0,,,,,47650.0,52167.0,46660.25,2.121,41.734,45.33,40.711,57361.898,46718.102,1.098,51300.0,52550.0,52487.5,49925.0,False,False,False,False,True,False,False,,0
GRMN,Garmin,44746496916.0,Technology,Scientific & Technical Instruments,https://www.garmin.com,23000.0,232.02,245.314,227.0,2.211,36.473,40.105,35.253,274.25,227.027,0.891,242.115,252.455,237.873,226.338,False,False,False,False,False,False,True,,1
071970.KS,HD현대마린엔진,1979144845.0,Industrials,Specialty Industrial Machinery,https://www.hd-marineengine.com,,86900.0,85450.0,84926.5,2.324,43.038,44.417,43.038,116295.483,78414.517,0.474,97400.0,95550.0,82400.0,77850.0,False,False,False,False,False,False,False,,0
195940.KQ,HK이노엔,956743912.0,Healthcare,Drug Manufacturers - Specialty & Generic,https://www.inno-n.com,1694.0,50300.0,50472.295,49150.799,2.338,46.815,48.192,39.998,54948.994,48491.006,1.242,51500.0,51225.0,51623.299,50585.886,False,False,False,False,True,False,False,100.0,2
MET,MetLife,50239543704.0,Financial Services,Insurance - Life,https://www.metlife.com,46000.0,78.08,73.444,76.274,2.368,56.902,59.994,54.903,80.036,75.584,1.251,78.805,76.668,73.933,69.617,False,False,False,False,False,False,False,80.0,5
PCAR,Paccar,58828274678.0,Industrials,Farm & Heavy Construction Machinery,https://www.paccar.com,25900.0,111.78,119.057,109.097,2.46,34.379,36.435,33.602,131.412,108.049,0.683,115.11,120.27,120.949,116.79,False,False,False,False,True,False,False,75.0,4
024110.KS,기업은행,11136185948.0,Financial Services,Banks - Regional,https://www.ibk.co.kr,,20800.0,22161.718,20294.862,2.489,32.617,38.268,32.617,23193.552,21106.448,1.395,21675.0,21675.0,23791.924,22665.081,False,False,False,False,True,False,False,,0
XYZ,"Block, Inc.",39834320670.0,,,,,69.78,65.524,67.971,2.661,51.618,58.249,51.618,74.334,68.293,0.958,72.94,68.405,60.398,58.0,False,False,False,False,False,False,False,81.0,21
CINF,Cincinnati Financial,25417329012.0,Financial Services,Insurance - Property & Casualty,https://www.cinfin.com,5705.0,163.26,162.062,159.01,2.673,51.685,53.3,41.355,168.35,159.181,0.831,162.03,163.79,163.324,159.295,False,False,False,False,False,False,True,,0
DGX,Quest Diagnostics,21124152093.0,Healthcare,Diagnostics & Research,https://www.questdiagnostics.com,46000.0,190.85,195.752,185.867,2.681,45.463,44.195,39.055,203.152,184.452,0.523,191.285,198.01,199.28,195.761,False,False,False,False,True,False,False,,0
003690.KS,코리안리,1368044935.0,Financial Services,Insurance - Reinsurance,https://eng.koreanre.co.kr,,11530.0,12324.081,11225.848,2.709,33.679,39.521,33.679,12676.371,11698.629,0.889,12035.0,12070.0,12587.275,12578.181,False,False,False,False,True,False,False,,0
BALL,Ball Corporation,15024340124.0,Consumer Cyclical,Packaging & Containers,https://www.ball.com,16000.0,56.45,60.881,54.959,2.713,34.133,37.513,32.948,65.43,55.896,0.449,59.015,60.885,61.86,60.538,False,False,False,False,True,False,False,55.6,9
PCG,PG&E Corporation,36556930485.0,Utilities,Utilities - Regulated Electric,https://www.pgecorp.com,29010.0,16.6,17.365,16.159,2.727,46.317,50.122,32.12,17.391,15.808,0.602,16.46,17.46,17.737,16.916,False,False,False,False,True,False,False,58.3,12
EA,Electronic Arts,50195432067.0,Communication Services,Electronic Gaming & Multimedia,https://www.ea.com,14600.0,200.18,201.776,194.771,2.777,31.358,31.43,31.358,204.339,199.685,1.071,201.07,201.835,201.677,200.261,False,True,False,False,True,False,False,,0
ALGN,Align Technology,11584094231.0,Healthcare,Medical Instruments & Supplies,https://www.aligntech.com,20290.0,161.75,176.147,157.325,2.813,35.631,38.771,35.631,200.055,157.688,0.597,170.122,180.658,176.945,174.685,False,False,False,False,True,False,False,58.3,12
UPS,United Parcel Service,79864793688.0,,,,,98.45,101.076,95.75,2.82,41.755,41.73,36.725,111.592,95.624,0.506,102.91,102.91,107.393,100.86,False,False,False,False,True,False,False,0.0,9
FITB,Fifth Third Bancorp,42750715719.0,Financial Services,Banks - Regional,https://www.53.com,25980.0,47.17,47.76,45.837,2.908,38.197,45.363,38.197,51.835,48.031,0.972,49.19,49.495,48.75,46.077,False,False,False,False,False,False,True,75.0,4
032640.KS,LG유플러스,4470224127.0,Communication Services,Telecom Services,https://www.lguplus.com,,15490.0,15754.349,15050.788,2.918,42.671,45.597,34.033,18012.192,14748.808,1.261,15760.0,16775.0,15753.344,15553.102,False,False,False,False,True,False,False,,0
SRE,Sempra,61008194079.0,,,,,91.68,94.613,88.981,3.033,40.976,47.541,38.015,95.626,91.08,1.106,92.84,95.33,95.8,91.98,False,False,False,False,True,False,False,,2
145020.KQ,휴젤,2296545752.0,Healthcare,Biotechnology,https://www.hugel.co.kr,,278000.0,257460.0,269665.0,3.091,56.359,57.723,45.958,289397.036,244702.964,0.783,271500.0,271500.0,266000.0,252500.0,False,False,False,False,False,False,False,0.0,5
DTE,DTE Energy,29539992614.0,Utilities,Utilities - Regulated Electric,https://www.dteenergy.com,9650.0,142.0,146.263,137.699,3.124,41.744,43.009,37.393,150.964,139.637,0.7,147.045,147.045,146.008,142.303,False,True,False,False,True,False,False,,0
ED,Consolidated Edison,39123113483.0,Utilities,Utilities - Regulated Electric,https://www.conedison.com,15407.0,106.16,110.988,102.919,3.149,37.034,39.442,35.83,111.89,105.4,0.874,108.525,110.14,112.475,108.345,False,True,False,False,True,False,False,,0
PH,Parker Hannifin,111254847062.0,Industrials,Specialty Industrial Machinery,https://www.parker.com,57950.0,882.37,925.094,855.18,3.179,40.216,39.883,32.401,1014.714,835.929,0.748,884.226,942.614,944.705,916.119,False,False,False,False,True,False,False,100.0,4
PNC,PNC Financial Services,84272353672.0,Financial Services,Banks - Regional,https://www.pnc.com,56366.0,209.86,212.888,203.052,3.353,37.758,44.738,37.758,229.258,211.992,0.677,217.855,219.975,219.067,205.807,False,False,False,False,False,False,True,100.0,6
259960.KS,크래프톤,8944244603.0,Communication Services,Electronic Gaming & Multimedia,https://www.krafton.com,,281000.0,249550.0,271805.341,3.383,58.0,56.509,54.397,295541.932,243108.068,1.212,281250.0,266750.0,242375.0,242327.373,False,False,False,False,False,False,False,30.4,23
001450.KS,현대해상,1731385078.0,Financial Services,Insurance - Property & Casualty,https://www.hi.co.kr,,30250.0,30496.0,29212.0,3.553,47.143,45.869,45.869,31307.35,29807.65,1.355,30675.0,30625.0,35425.0,31575.0,False,False,False,False,True,False,False,100.0,3
ABNB,Airbnb,56322538377.0,Consumer Cyclical,Travel Services,https://www.airbnb.com,8200.0,132.97,134.056,128.276,3.659,41.246,45.723,41.246,145.488,134.791,0.887,139.46,136.042,129.213,127.265,False,False,False,False,False,False,False,60.0,10
HON,Honeywell,138111033817.0,Industrials,Conglomerates,https://www.honeywell.com,101000.0,217.96,225.537,210.044,3.769,47.799,48.544,32.409,230.664,203.815,0.84,214.79,222.33,231.651,229.987,False,False,False,False,True,False,False,,2
EXR,Extra Space Storage,30085669896.0,Real Estate,REIT - Industrial,https://www.extraspace.com,8393.0,142.41,139.219,137.158,3.829,52.527,58.977,48.248,146.503,138.636,0.483,142.085,141.16,140.531,135.405,False,False,False,False,False,False,False,54.5,11
TRV,Travelers Companies (The),63959270761.0,,,,,295.02,299.63,284.049,3.862,41.446,46.203,41.446,308.428,294.704,0.751,301.12,301.705,294.688,290.253,False,False,False,False,False,False,False,,0
TROW,T. Rowe Price,21347137907.0,,,,,103.01,94.421,99.157,3.885,60.266,59.839,59.839,107.071,95.979,1.134,103.815,98.84,95.901,89.646,False,False,False,False,False,False,False,75.0,12
466100.KQ,클로봇,792278691.0,Technology,Software - Infrastructure,https://www.clobot.co.kr,,46350.0,51176.0,44615.55,3.888,42.72,44.891,42.72,53984.931,43905.069,0.513,49675.0,48850.0,64950.0,57175.0,False,False,False,False,True,False,False,,0
PKG,Packaging Corporation of America,19443106748.0,Consumer Cyclical,Packaging & Containers,https://www.packagingcorp.com,16800.0,218.22,214.213,210.05,3.89,51.42,53.511,50.596,228.115,205.492,0.442,221.835,216.57,224.651,212.821,False,False,False,False,False,False,True,0.0,5
XEL,Xcel Energy,50132707342.0,,,,,79.91,80.197,76.899,3.916,48.455,48.41,46.151,82.639,77.852,0.705,81.24,80.6,79.506,78.589,False,False,False,False,False,False,False,,0
USB,U.S. Bancorp,88635000000.0,,,,,52.74,53.838,50.737,3.948,35.26,44.281,35.26,57.807,53.785,1.526,54.823,55.323,55.185,52.074,False,False,False,False,False,False,True,100.0,4
AMGN,Amgen,181369319254.0,Healthcare,Drug Manufacturers - General,https://www.amgen.com,31500.0,336.45,349.629,323.459,4.016,46.255,46.1,32.166,356.206,321.825,0.811,329.505,339.985,363.175,354.853,False,False,False,False,True,False,False,,1
ATO,Atmos Energy,29770738333.0,Utilities,Utilities - Regulated Gas,https://www.atmosenergy.com,5487.0,179.95,185.593,172.968,4.037,38.507,42.253,38.507,190.743,179.551,1.067,184.76,185.27,185.088,176.398,False,True,False,False,False,False,True,,0
PFE,Pfizer,147957570627.0,Healthcare,Drug Manufacturers - General,https://www.pfizer.com,75000.0,25.96,26.575,24.932,4.123,44.563,42.879,39.449,27.079,25.397,1.058,25.952,26.493,27.171,26.566,False,False,False,False,True,False,False,66.7,3
VRTX,Vertex Pharmaceuticals,111709708417.0,,,,,453.06,445.671,434.909,4.173,61.16,58.551,38.71,448.812,417.145,1.02,433.795,433.795,466.59,454.453,False,False,False,False,True,False,False,44.4,9
D,Dominion Energy,55128667050.0,Utilities,Utilities - Regulated Electric,https://www.dominionenergy.com,15200.0,62.72,62.363,60.207,4.174,51.352,52.723,44.271,64.123,60.864,1.262,63.325,63.025,62.613,61.632,False,False,False,False,False,False,False,,1
O,Realty Income,57366940446.0,Real Estate,REIT - Retail,https://www.realtyincome.com,544.0,61.52,62.823,59.052,4.18,41.235,46.925,41.235,65.12,61.425,0.98,62.753,63.123,63.113,62.051,False,True,False,False,True,False,False,,0
CHD,Church & Dwight,22524452688.0,Consumer Defensive,Household & Personal Products,https://www.churchdwight.com,5550.0,95.09,95.548,91.248,4.21,51.264,46.738,37.172,97.955,91.391,1.434,95.335,95.335,98.45,95.695,False,True,False,False,True,False,False,15.8,19
INVH,Invitation Homes,16906434068.0,Real Estate,REIT - Residential,https://www.invitationhomes.com,1725.0,28.46,26.342,27.305,4.23,62.325,62.325,62.325,29.613,26.29,0.586,28.663,27.483,25.672,25.156,False,False,False,False,False,False,False,12.5,24
HUBB,Hubbell Incorporated,25564323295.0,Industrials,Electrical Equipment & Parts,https://www.hubbell.com,18200.0,483.79,505.648,464.137,4.234,34.685,35.481,34.685,573.757,471.0,1.025,500.08,520.855,494.977,490.015,False,True,False,False,True,False,False,100.0,4
AES,AES Corporation,10289623520.0,Utilities,Utilities - Diversified,https://www.aes.com,8336.0,14.43,14.156,13.832,4.324,61.246,60.562,50.323,14.408,14.227,0.607,14.345,14.313,15.615,14.037,False,False,False,False,False,False,True,,2
LUV,Southwest Airlines,19262572029.0,Industrials,Airlines,https://www.southwest.com,73401.0,39.41,39.956,37.764,4.36,47.734,48.012,42.962,42.722,36.665,0.651,39.945,40.885,45.301,40.485,False,False,False,False,True,False,False,,2
INCY,Incyte,19742472557.0,Healthcare,Biotechnology,https://www.incyte.com,2844.0,98.82,95.459,94.664,4.39,54.604,55.541,48.095,100.493,94.201,1.076,98.915,97.9,99.365,94.118,False,False,False,False,False,False,True,75.0,4
111770.KS,영원무역,2323539130.0,Consumer Cyclical,Apparel Manufacturing,https://www.youngone.co.kr,,78100.0,84166.0,74808.482,4.4,38.725,45.902,38.725,87064.257,80035.743,1.337,82100.0,82750.0,90350.0,85800.0,False,False,False,False,True,False,False,,0
REGN,Regeneron Pharmaceuticals,74163395294.0,Healthcare,Biotechnology,https://www.regeneron.com,15343.0,719.88,745.182,688.986,4.484,46.132,47.311,36.581,769.648,684.466,0.955,714.91,722.24,770.95,760.125,False,False,False,False,True,False,False,44.4,9
128940.KS,한미약품,3827591274.0,Healthcare,Drug Manufacturers - Specialty & Generic,https://www.hanmipharm.com,,445000.0,499713.498,425785.85,4.513,40.082,42.34,30.473,548144.695,410555.305,1.547,460000.0,483000.0,533175.563,525080.153,False,True,False,False,True,False,False,100.0,2
SWKS,Skyworks Solutions,8943138560.0,,,,,68.14,58.973,65.146,4.596,58.579,55.717,55.717,72.882,56.335,1.01,67.175,64.08,57.694,55.25,False,False,False,False,False,False,False,81.8,11
SNA,Snap-on,20138903713.0,,,,,366.6,372.652,350.197,4.684,43.698,45.32,43.698,391.759,364.398,0.489,376.631,382.57,372.51,367.677,False,False,False,False,True,False,False,,0
EG,Everest Group,13769730348.0,Financial Services,Insurance - Reinsurance,https://www.everestglobal.com,3064.0,347.97,335.488,332.118,4.773,53.547,58.509,53.547,356.331,341.994,0.828,352.283,344.13,325.17,325.156,False,False,False,False,False,False,False,0.0,3
AVB,AvalonBay Communities,25938681065.0,Real Estate,REIT - Residential,https://www.avalonbay.com,3011.0,186.46,172.423,177.922,4.799,66.852,68.474,64.95,192.379,167.862,0.726,185.01,177.715,168.978,165.894,False,False,False,False,False,False,False,33.3,18
051600.KS,한전KPS,1691933773.0,Industrials,Engineering & Construction,https://www.kps.co.kr,,56000.0,59148.0,53424.88,4.82,36.483,40.395,36.483,65037.971,55812.029,1.124,59550.0,60000.0,60100.0,59550.0,False,False,False,False,True,False,False,100.0,3
CB,Chubb Limited,122766476516.0,Financial Services,Insurance - Property & Casualty,https://www.chubb.com,45000.0,316.01,326.316,301.452,4.829,37.014,44.65,37.014,333.72,316.849,1.298,323.28,325.59,327.951,320.414,False,False,False,False,True,False,False,,0
FSLR,First Solar,25208558960.0,Technology,Solar,https://www.firstsolar.com,7900.0,234.6,199.736,223.613,4.913,68.652,65.589,54.772,236.429,175.233,0.989,220.337,212.952,217.175,192.595,False,False,False,False,False,False,False,100.0,6
UDR,"UDR, Inc.",11759590627.0,,,,,37.56,35.27,35.785,4.961,69.695,68.257,61.589,38.092,33.947,1.05,36.833,35.863,36.369,34.574,False,False,False,False,False,False,False,37.5,8
KDP,Keurig Dr Pepper,39877998095.0,Consumer Defensive,Beverages - Non-Alcoholic,https://www.keurigdrpepper.com,30600.0,29.31,27.275,27.91,5.016,63.882,62.762,57.771,30.463,26.042,0.682,28.757,27.617,28.052,26.636,False,False,False,False,False,False,False,12.5,8
TXT,Textron,15930048526.0,,,,,91.38,90.958,86.995,5.04,50.481,48.918,48.918,94.888,87.228,0.71,92.9,92.19,92.925,91.054,False,False,False,False,False,False,True,100.0,4
AEE,Ameren,30180099661.0,Utilities,Utilities - Regulated Electric,https://www.amereninvestors.com,8913.0,109.09,110.769,103.843,5.053,43.318,44.696,41.409,114.089,108.038,0.609,111.645,111.645,109.84,107.407,False,True,False,False,False,False,True,,0
064350.KS,현대로템,15754852892.0,Industrials,Railroads,https://www.hyundai-rotem.co.kr,,215000.0,212550.671,204651.025,5.057,43.975,43.975,43.975,270696.716,193803.284,0.422,245000.0,241500.0,219582.412,205216.206,False,False,False,False,False,False,True,,0
GILD,Gilead Sciences,165190871736.0,Healthcare,Drug Manufacturers - General,https://www.gilead.com,17000.0,133.05,137.87,126.629,5.071,46.321,50.352,37.781,138.52,127.48,1.073,133.25,135.305,142.337,139.797,False,False,False,False,True,False,False,,0
MGM,MGM Resorts,9571394701.0,Consumer Cyclical,Resorts & Casinos,https://www.mgmresorts.com,60000.0,37.41,37.488,35.605,5.071,45.625,41.765,41.765,40.389,36.929,0.845,38.06,38.345,36.412,35.695,False,True,False,False,False,False,False,71.4,7
CHRW,C.H. Robinson,19240258426.0,Industrials,Integrated Freight & Logistics,https://www.chrobinson.com,11736.0,163.26,173.382,155.357,5.087,38.402,41.934,34.506,194.029,160.236,0.571,172.395,174.635,175.749,171.907,False,False,False,False,True,False,False,33.3,3
ALL,Allstate,55658314828.0,Financial Services,Insurance - Property & Casualty,https://www.allstate.com,53000.0,215.54,211.383,204.929,5.178,52.627,52.508,48.616,219.398,211.585,0.808,215.945,215.265,207.29,202.913,False,False,False,False,False,False,False,,0
FOX,Fox Corporation (Class B),13125333308.0,Communication Services,Entertainment,https://www.foxcorporation.com,10400.0,59.47,55.093,56.536,5.19,62.148,62.148,49.181,60.198,54.824,1.087,58.365,57.65,57.068,52.912,False,False,False,False,False,False,False,,0
SWK,Stanley Black & Decker,11665116546.0,,,,,77.66,73.588,73.82,5.201,52.538,55.412,50.368,83.07,70.984,0.675,78.61,74.06,79.303,72.752,False,False,False,False,False,False,True,85.7,7
SBAC,SBA Communications,23377215127.0,,,,,207.66,201.557,196.758,5.541,44.287,51.274,44.287,224.486,210.187,1.489,211.15,212.19,188.14,188.14,False,False,False,False,False,False,False,21.4,14
AFL,Aflac,59493410443.0,Financial Services,Insurance - Life,https://www.aflac.com,12716.0,115.48,111.646,109.293,5.661,57.608,60.845,49.526,116.729,112.481,0.714,114.185,113.07,112.224,109.29,False,False,False,False,False,False,False,,0
MDLZ,Mondelez International,78970133604.0,Consumer Defensive,Confectioners,https://www.mondelezinternational.com,91000.0,61.52,58.067,58.213,5.68,64.239,65.962,64.239,63.87,55.235,1.263,61.23,58.995,58.052,57.321,False,False,False,False,False,False,False,60.0,10
475830.KQ,오름테라퓨틱,1106417730.0,Healthcare,Biotechnology,https://www.orumrx.com,,76600.0,98044.0,72424.75,5.765,36.909,42.059,36.909,93835.703,77614.297,1.228,86700.0,85650.0,109200.0,105050.0,False,False,False,False,True,False,False,,0
CNP,CenterPoint Energy,27579522409.0,Utilities,Utilities - Regulated Electric,https://www.centerpointenergy.com,8794.0,42.16,42.977,39.852,5.791,44.575,44.262,39.868,43.81,41.637,1.045,42.81,43.015,42.963,41.29,False,True,False,False,False,False,True,,0
FOXA,Fox Corporation (Class A),13259515231.0,Communication Services,Entertainment,https://www.foxcorporation.com,10400.0,66.47,61.133,62.762,5.909,63.447,62.54,49.246,67.06,61.056,1.072,64.748,63.913,62.929,58.402,False,False,False,False,False,False,False,,0
CL,Colgate-Palmolive,70498269271.0,Consumer Defensive,Household & Personal Products,https://www.colgatepalmolive.com,33600.0,87.87,86.084,82.924,5.964,57.082,55.726,50.887,89.132,81.689,0.736,86.71,85.565,90.637,87.365,False,False,False,False,False,False,True,22.2,9
097230.KS,HJ중공업,1488331495.0,Industrials,Engineering & Construction,https://www.hjsc.co.kr,,24550.0,26297.8,23129.3,6.142,38.538,41.17,38.538,32694.039,24390.961,0.409,27700.0,28150.0,24587.5,24050.0,False,False,False,False,False,False,True,,0
TPR,"Tapestry, Inc.",31100529295.0,,,,,132.7,144.227,125.014,6.148,39.382,38.055,35.939,157.605,128.453,1.133,138.825,143.45,144.947,142.757,False,True,False,False,True,False,False,,0
REG,Regency Centers,14038030889.0,Real Estate,REIT - Retail,https://www.regencycenters.com,503.0,76.67,77.752,72.104,6.333,39.219,44.493,39.219,81.567,76.628,0.811,77.972,79.043,76.125,74.3,False,False,False,False,False,False,False,,1
KEY,KeyCorp,22497683026.0,Financial Services,Banks - Regional,https://www.key.com,17469.0,20.75,20.78,19.509,6.362,39.643,46.578,39.643,22.46,21.075,0.637,21.576,21.635,20.926,19.906,False,False,False,False,False,False,True,100.0,3
FER,Ferrovial,48678975757.0,Industrials,Engineering & Construction,https://www.ferrovial.com,22319.0,67.9,67.486,63.804,6.419,45.505,49.148,45.505,72.151,66.895,1.043,69.63,69.49,68.042,65.989,False,False,False,False,False,False,True,,0
395400.KS,SK리츠,1178265852.0,Real Estate,REIT - Office,https://skreit.co.kr/,,5830.0,6297.031,5461.143,6.754,37.134,41.673,37.134,7260.123,5886.877,0.855,6375.0,6485.0,6099.772,5916.71,False,False,False,False,True,False,False,,2
GM,General Motors,68355238433.0,Consumer Cyclical,Auto Manufacturers,https://www.gm.com,156000.0,75.81,76.11,71.013,6.755,45.661,47.574,43.566,81.046,74.556,1.005,77.205,78.725,79.507,75.161,False,False,False,False,False,False,True,,0
373220.KS,LG에너지솔루션,67556498503.0,Industrials,Electrical Equipment & Parts,https://www.lgensol.com,,430000.0,414350.0,402285.0,6.889,44.865,48.816,44.865,509899.337,400600.663,0.915,457250.0,446000.0,400500.0,393375.0,False,False,False,False,False,False,False,60.0,5
SNPS,Synopsys,88300516346.0,,,,,509.28,444.436,475.815,7.033,66.665,69.297,62.668,532.057,443.367,0.809,502.575,453.89,452.27,408.16,False,False,False,False,False,False,False,75.0,12
TPL,Texas Pacific Land Corporation,29977166510.0,,,,,386.51,463.839,360.746,7.142,31.213,35.686,31.213,458.959,390.031,1.195,415.077,414.39,488.69,436.44,False,False,False,False,True,False,False,29.4,17
NSC,Norfolk Southern,69754404831.0,Industrials,Railroads,https://www.norfolksouthern.com,19300.0,310.58,298.573,289.794,7.173,55.049,57.801,55.049,323.207,297.866,0.358,313.716,306.285,297.632,290.605,False,False,False,False,False,False,False,100.0,5
138930.KS,BNK금융지주,3581610088.0,Financial Services,Banks - Regional,https://www.bnkfg.com,,17040.0,18188.292,15888.501,7.247,31.821,34.99,31.821,19505.661,17220.05,1.277,17922.234,18170.053,18482.304,18392.576,False,False,False,False,True,False,False,,0
ESS,Essex Property Trust,17475337304.0,Real Estate,REIT - Residential,https://www.essexapartmenthomes.com,1686.0,271.94,252.652,253.446,7.297,68.343,64.969,59.281,274.816,248.421,0.687,265.225,259.16,249.78,244.45,False,False,False,False,False,False,False,14.3,7
EQR,Equity Residential,24664640315.0,Real Estate,REIT - Residential,https://www.equityapartments.com,2400.0,65.83,61.617,61.319,7.357,64.781,65.321,64.781,67.903,60.643,0.541,65.73,63.455,61.149,59.551,False,False,False,False,False,False,False,50.0,10
AEP,American Electric Power,69548947266.0,Utilities,Utilities - Regulated Electric,https://www.aep.com,17581.0,127.95,131.735,119.123,7.41,39.342,48.609,39.342,137.004,128.517,4.233,132.292,132.292,129.388,123.927,False,False,True,False,False,False,True,,0
CPAY,Corpay,21906221688.0,Technology,Software - Infrastructure,https://www.corpay.com,11800.0,331.25,311.269,308.313,7.44,58.445,63.872,42.615,348.636,293.056,1.012,322.86,322.48,321.575,300.442,False,False,False,False,False,False,False,66.7,15
CME,CME Group,107800232714.0,Financial Services,Financial Data & Stock Exchanges,https://www.cmegroup.com,3875.0,297.13,297.438,276.373,7.51,57.976,43.921,36.259,294.956,279.251,1.332,289.205,289.73,304.849,296.561,False,False,False,False,False,False,True,,0
CI,Cigna,79285427440.0,Healthcare,Healthcare Plans,https://www.thecignagroup.com,65669.0,300.71,274.916,279.671,7.523,66.979,65.65,47.985,298.26,268.974,1.119,288.67,284.115,277.009,271.355,False,False,False,False,False,False,False,70.0,10
KIM,Kimco Realty,15564916399.0,Real Estate,REIT - Retail,https://www.kimcorealty.com,710.0,23.08,23.184,21.452,7.587,43.041,53.075,43.041,24.133,23.165,0.608,23.433,23.455,22.61,21.885,False,False,False,False,False,False,False,0.0,4
PSA,Public Storage,53313243668.0,Real Estate,REIT - Industrial,https://www.publicstorage.com,5770.0,303.7,293.678,282.146,7.639,52.406,60.859,48.809,316.438,294.177,0.941,303.885,298.38,286.349,279.479,False,False,False,False,False,False,False,57.1,7
URI,United Rentals,51080667085.0,,,,,935.26,819.286,868.842,7.644,59.695,65.233,59.695,1049.605,777.778,0.813,947.63,874.17,830.31,757.598,False,False,False,False,False,False,False,100.0,4
CFG,Citizens Financial Group,25744604819.0,Financial Services,Banks - Regional,https://www.citizensbank.com,17380.0,60.43,61.178,56.102,7.714,38.152,43.773,38.152,66.354,61.554,0.7,63.177,63.364,61.696,58.605,False,False,False,False,False,False,True,100.0,5
LNT,Alliant Energy,18673389721.0,Utilities,Utilities - Regulated Electric,https://www.alliantenergy.com,2948.0,72.3,71.554,67.042,7.842,51.843,53.987,48.23,73.945,70.446,0.983,73.61,72.923,70.51,68.656,False,False,False,False,False,False,False,,0
PNW,Pinnacle West Capital,12007224407.0,Utilities,Utilities - Regulated Electric,https://www.pinnaclewest.com,6610.0,99.08,100.713,91.871,7.846,42.037,45.211,42.037,103.828,98.471,0.777,101.05,101.05,99.366,96.273,False,True,False,False,False,False,True,,0
HLT,Hilton Worldwide,70891979525.0,Consumer Cyclical,Lodging,https://www.hilton.com,182000.0,311.41,312.888,288.373,7.989,43.285,44.94,42.986,345.511,303.922,0.548,317.885,326.405,311.611,300.11,False,False,False,False,False,False,True,100.0,3
000810.KS,삼성화재,14928254995.0,Financial Services,Insurance - Property & Casualty,https://www.samsungfire.com,,498000.0,467389.141,460343.487,8.18,59.163,62.981,47.292,509992.986,448957.014,0.668,489750.0,480500.0,519645.922,462753.825,False,False,False,False,False,False,True,,0
023590.KS,다우기술,1256983419.0,Technology,Information Technology Services,https://www.daou.com,,43250.0,47055.702,39966.464,8.216,35.634,38.141,35.634,51551.401,44613.599,0.848,47075.0,47075.0,48353.261,47381.988,False,False,False,False,True,False,False,,0
021240.KS,코웨이,4494768769.0,Consumer Cyclical,"Furnishings, Fixtures & Appliances",https://www.coway.com,,94600.0,77859.086,87397.146,8.242,71.106,67.736,55.397,93365.328,77594.672,1.136,90400.0,85250.0,77491.065,73620.585,False,False,False,False,False,False,False,15.4,13
EVRG,Evergy,19008104042.0,Utilities,Utilities - Regulated Electric,https://investors.evergy.com,4691.0,82.46,81.909,76.136,8.307,52.089,56.367,45.984,83.697,80.085,0.862,82.195,82.24,81.469,79.356,False,False,False,False,False,False,False,,0
NI,NiSource,22557616477.0,Utilities,Utilities - Regulated Gas,https://www.nisource.com,7668.0,47.05,46.945,43.424,8.349,47.519,48.904,44.059,48.647,46.447,0.368,47.78,47.59,46.101,45.007,False,False,False,False,False,False,False,,0
018260.KS,삼성에스디에스,9314927650.0,Technology,Information Technology Services,https://www.samsungsds.com,,179300.0,164476.0,165386.658,8.413,59.497,59.497,48.851,190430.189,158749.811,1.067,179850.0,170050.0,173100.0,164175.0,False,False,False,False,False,False,False,100.0,3
030200.KS,KT,10034030643.0,Communication Services,Telecom Services,https://www.kt.com,,59300.0,60546.0,54681.993,8.445,43.36,46.0,36.917,64896.367,57743.633,1.36,59650.0,61550.0,60806.279,59925.0,False,False,False,False,True,False,False,,0
COST,Costco,458328566023.0,Consumer Defensive,Discount Stores,https://www.costco.com,341000.0,1033.08,998.246,950.77,8.657,61.171,57.625,47.737,1027.957,984.159,0.936,1013.835,1003.56,991.119,977.951,False,False,False,False,False,False,False,,2
014620.KQ,성광벤드,632988963.0,Industrials,Metal Fabrication,https://www.skbend.com,,35500.0,38038.0,32559.5,9.031,37.643,39.461,37.643,50576.648,33298.352,0.611,44225.0,44225.0,35812.5,34725.0,False,False,False,False,False,False,True,,2
GL,Globe Life,11878871985.0,Financial Services,Insurance - Life,https://home.globelifeinsurance.com,3695.0,152.99,145.787,140.15,9.162,56.922,63.598,54.154,155.29,149.921,0.731,153.75,150.495,143.552,140.277,False,False,False,False,False,False,False,,0
028300.KQ,HLB,4783946314.0,Healthcare,Biotechnology,https://www.hlbbio.co.kr/,,53500.0,55212.0,48977.0,9.235,37.836,44.39,37.836,67096.49,54813.51,1.318,58600.0,59500.0,57375.0,52175.0,False,False,False,False,False,False,True,54.5,11
NTAP,NetApp,23399438832.0,Technology,Software - Infrastructure,https://www.netapp.com,11700.0,118.58,104.586,108.39,9.402,68.578,65.365,61.416,119.414,102.937,1.023,115.155,107.465,101.227,100.421,False,False,False,False,False,False,False,63.6,11
SPG,Simon Property Group,67423829006.0,,,,,200.56,195.395,183.125,9.521,50.357,59.377,50.357,206.929,198.746,1.043,203.23,200.395,190.33,187.542,False,False,False,False,False,False,False,75.0,4
BA,Boeing,189074100084.0,Industrials,Aerospace & Defense,https://www.boeing.com,182000.0,240.6,217.918,219.678,9.524,64.302,61.461,49.339,241.654,217.008,1.086,231.65,228.83,221.035,204.95,False,False,False,False,False,False,False,100.0,7
TSLA,"Tesla, Inc.",1472829553720.0,,,,,445.27,385.699,406.269,9.6,70.187,67.097,51.814,442.57,352.468,1.035,416.1,395.325,394.835,371.772,False,False,False,False,False,False,False,100.0,0
BMY,Bristol Myers Squibb,115133462307.0,Healthcare,Drug Manufacturers - General,https://www.bms.com,32500.0,56.39,58.471,51.451,9.6,42.788,43.048,38.542,60.69,55.156,0.768,57.75,58.095,59.229,57.952,False,False,False,False,True,False,False,27.3,11
AIZ,Assurant,12078823342.0,Financial Services,Insurance - Property & Casualty,https://www.assurant.com,14800.0,242.61,224.865,221.325,9.617,65.023,66.492,53.568,244.727,222.477,0.624,237.0,232.735,227.162,220.015,False,False,False,False,False,False,False,,1
CDNS,Cadence Design Systems,97888442709.0,Technology,Software - Application,https://www.cadence.com,13800.0,354.55,307.368,322.996,9.769,64.926,67.758,61.373,372.953,302.839,0.877,349.505,314.195,293.97,284.802,False,False,False,False,False,False,False,0.0,4
TDY,Teledyne Technologies,29908460443.0,,,,,635.96,637.668,579.141,9.811,49.272,47.5,42.535,657.712,622.068,0.748,633.5,652.925,636.21,622.012,False,True,False,False,False,False,True,,1
DOV,Dover Corporation,28930014099.0,Industrials,Specialty Industrial Machinery,https://www.dovercorporation.com,24000.0,214.62,215.51,195.285,9.901,43.591,45.926,43.591,229.756,213.532,0.45,222.37,222.375,217.256,211.618,False,False,False,False,False,False,True,100.0,9
316140.KS,우리금융지주,15352605288.0,Financial Services,Banks - Regional,https://www.woorifg.com,,31150.0,33085.415,28288.648,10.115,34.282,37.863,34.282,36413.346,31121.733,1.109,32412.516,33554.896,33579.183,33302.847,False,False,False,False,True,False,False,,0
VZ,Verizon,194119200000.0,,,,,47.21,48.161,42.862,10.144,48.815,54.892,48.04,48.235,45.939,0.925,47.7,46.46,49.306,44.698,False,False,False,False,False,False,True,,0
LYV,Live Nation Entertainment,39202798120.0,Communication Services,Entertainment,https://www.livenationentertainment.com,17700.0,168.46,157.954,152.52,10.451,62.318,59.275,50.947,168.657,149.39,0.601,163.13,160.635,154.065,152.48,False,False,False,False,False,False,False,,2
096530.KQ,씨젠,978303791.0,Healthcare,Biotechnology,https://www.seegene.com,,27900.0,23662.133,25243.012,10.526,67.729,68.505,47.743,28002.218,22602.782,1.166,26500.0,25700.0,25504.657,23522.002,False,False,False,True,False,False,False,83.3,6
F,Ford Motor Company,53110816318.0,Consumer Cyclical,Auto Manufacturers,https://www.ford.com,168000.0,13.57,11.95,12.273,10.566,69.308,48.94,34.362,13.143,11.282,4.219,12.629,12.629,12.794,11.89,False,False,True,False,False,True,False,,1
TT,Trane Technologies,105628438342.0,,,,,471.02,450.875,425.836,10.611,51.014,49.24,48.606,494.875,462.145,0.738,482.62,475.17,430.646,427.533,False,False,False,False,False,False,False,,1
LLY,Lilly (Eli),905786333144.0,Healthcare,Drug Manufacturers - General,https://www.lilly.com,50000.0,1015.75,939.678,917.475,10.712,63.506,59.635,52.367,1025.289,845.542,0.802,983.04,936.665,994.627,946.775,False,False,False,True,False,False,False,37.5,8
CARR,Carrier Global,54779363120.0,Industrials,Building Products & Equipment,https://www.carrier.com,47000.0,65.57,60.269,59.225,10.713,57.266,57.241,57.241,69.24,58.197,0.436,66.365,63.145,60.833,57.68,False,False,False,False,False,False,False,23.5,17
000250.KQ,삼천당제약,6284010775.0,,,,,399000.0,640460.0,360008.0,10.831,36.587,38.299,35.772,532631.631,346468.369,0.752,415250.0,520750.0,884500.0,740000.0,False,False,False,False,True,False,False,,1
450080.KS,에코프로머티,3211910355.0,Industrials,Electrical Equipment & Parts,https://ecopromaterials.com,,67800.0,72012.0,61166.5,10.845,38.659,42.803,38.659,89759.826,67170.174,0.504,77400.0,78150.0,68500.0,66450.0,False,False,False,False,False,False,True,90.0,10
FTV,Fortive,18114841868.0,Technology,Scientific & Technical Instruments,https://www.fortive.com,10000.0,59.42,58.061,53.442,11.186,47.964,53.637,47.964,62.129,59.079,0.657,60.032,60.302,57.362,55.754,False,False,False,False,False,False,False,33.3,9
JNJ,Johnson & Johnson,554670934458.0,Healthcare,Drug Manufacturers - General,https://www.jnj.com,138200.0,230.42,235.059,207.224,11.194,51.982,40.195,32.916,234.389,219.776,0.705,225.583,232.285,241.723,234.199,False,False,False,False,True,False,False,,0
DAL,Delta Air Lines,46679431658.0,Industrials,Airlines,https://www.delta.com,103000.0,71.05,66.784,63.869,11.243,55.29,54.296,50.66,73.95,65.953,0.581,71.285,70.39,65.732,63.857,False,False,False,False,False,False,False,100.0,3
HAS,Hasbro,13304440351.0,Consumer Cyclical,Leisure,https://corporate.hasbro.com,4520.0,94.01,93.564,84.481,11.28,48.339,49.584,48.339,98.693,91.273,0.67,96.14,93.51,96.773,91.968,False,False,False,False,False,False,True,100.0,4
001040.KS,CJ,3966874418.0,Industrials,Conglomerates,https://www.cj.net,,202500.0,200551.625,181949.744,11.294,43.185,47.064,43.185,230143.928,199516.072,1.135,216350.0,207800.0,198962.188,196279.062,False,False,False,False,False,False,False,,0
LIN,Linde plc,237304380331.0,Basic Materials,Specialty Chemicals,https://www.linde.com,65034.0,513.26,496.47,460.974,11.343,59.235,53.347,45.578,515.031,488.617,1.177,505.84,502.025,491.273,473.659,False,False,False,False,False,False,False,63.6,11
009970.KS,영원무역홀딩스,1761928585.0,Consumer Cyclical,Apparel Manufacturing,https://www.youngone.co.kr,,194400.0,214991.12,174389.212,11.475,38.193,43.217,38.193,219341.763,199198.237,1.287,206700.0,212200.0,227293.094,218284.297,False,False,False,False,True,False,False,,0
003490.KS,대한항공,6366023030.0,Industrials,Airlines,https://www.koreanair.com,,25750.0,24390.53,23085.651,11.541,54.685,49.665,48.757,26453.782,23806.218,1.009,25850.0,25100.0,25107.955,24306.571,False,False,False,False,False,False,False,,1
445680.KQ,큐리옥스바이오시스템즈,1068403196.0,,,,,92500.0,96602.0,82876.0,11.613,48.308,48.766,46.202,100753.437,85076.563,0.741,98400.0,90500.0,110450.0,104850.0,False,False,False,False,True,False,False,,0
086450.KQ,동국제약,657463035.0,,,,,21650.0,22930.8,19382.3,11.7,36.533,39.421,36.533,27467.342,21627.658,0.812,23450.0,26350.0,24137.5,23455.0,False,False,False,False,True,False,False,,1
NDSN,Nordson Corporation,15559718990.0,Industrials,Specialty Industrial Machinery,https://www.nordson.com,8200.0,278.93,274.865,249.567,11.766,48.403,51.476,48.403,287.437,277.252,0.797,283.99,280.48,279.097,268.26,False,False,False,False,False,False,True,75.0,4
161390.KS,한국타이어앤테크놀로지,4915347302.0,Consumer Cyclical,Auto Parts,https://www.hankooktire.com,,59100.0,58538.879,52800.75,11.93,46.707,46.907,46.707,64617.401,57962.599,1.194,61500.0,59500.0,64136.204,59387.284,False,False,False,False,True,False,False,,0
KO,Coca-Cola Company (The),345317238869.0,Consumer Defensive,Beverages - Non-Alcoholic,https://www.coca-colacompany.com,65900.0,80.26,76.859,71.66,12.001,65.202,64.271,56.851,81.038,73.996,0.849,79.38,77.79,76.646,76.196,False,False,False,False,False,False,False,,0
CVX,Chevron Corporation,370493176986.0,Energy,Oil & Gas Integrated,https://www.chevron.com,43039.0,186.0,193.009,166.029,12.029,45.641,45.556,38.179,193.905,180.164,0.491,186.81,187.205,202.12,189.417,False,False,False,False,True,False,False,0.0,3
056190.KQ,에스에프에이,708811178.0,Industrials,Specialty Industrial Machinery,https://www.sfa.co.kr,,29400.0,29501.0,26213.0,12.158,43.253,50.187,43.253,33492.744,28672.256,1.345,30975.0,29650.0,29950.0,29462.5,False,False,False,False,True,False,False,,0
EXPD,Expeditors International,20377258521.0,Industrials,Integrated Freight & Logistics,https://www.expeditors.com,20361.0,155.8,146.332,138.903,12.164,60.228,58.499,36.12,157.639,142.17,0.45,146.565,146.565,148.39,143.937,False,False,False,False,False,False,False,,2
458870.KQ,씨어스,1014469846.0,Healthcare,Medical Devices,https://www.seerstech.com,,39700.0,48391.667,35383.833,12.198,37.095,39.145,37.095,53227.11,37957.89,1.281,45550.0,46900.0,52595.833,49966.666,False,False,False,False,True,False,False,,0
AME,Ametek,53010321579.0,Industrials,Specialty Industrial Machinery,https://www.ametek.com,22500.0,231.42,225.379,206.013,12.333,50.878,50.603,50.603,239.095,226.835,0.8,235.92,233.595,224.493,219.347,False,False,False,False,False,False,False,100.0,4
DE,Deere & Company,156837793293.0,Industrials,Farm & Heavy Construction Machinery,https://www.deere.com/en,73100.0,580.65,581.375,516.64,12.39,49.598,53.099,47.741,600.926,560.027,0.564,583.14,588.5,588.583,580.728,False,False,False,False,True,False,False,,0
388720.KQ,유일로보틱스,788629196.0,,,,,99700.0,97696.0,88619.5,12.503,51.619,50.255,50.255,106415.013,91554.987,1.094,102950.0,95400.0,119500.0,100675.0,False,False,False,False,True,False,False,,0
005070.KS,코스모신소재,1235438784.0,Basic Materials,Specialty Chemicals,https://www.cosmoamt.com,,55400.0,54486.0,49233.75,12.524,43.337,46.098,43.337,67461.778,53058.222,0.626,59150.0,58800.0,53112.5,51768.75,False,False,False,False,False,False,False,66.7,6
ETN,Eaton Corporation,158014802000.0,Industrials,Specialty Industrial Machinery,https://www.eaton.com,97303.0,406.94,384.301,361.608,12.536,51.631,49.436,48.254,431.916,392.306,0.798,410.71,407.175,365.82,359.032,False,False,False,False,False,False,False,100.0,3
APD,Air Products,68177269650.0,Basic Materials,Specialty Chemicals,https://www.airproducts.com,21087.0,306.2,291.782,271.869,12.628,60.783,58.112,48.038,307.731,292.138,0.97,299.737,294.602,285.328,274.409,False,False,False,False,False,False,False,38.9,18
UNP,Union Pacific Corporation,149713793694.0,,,,,264.65,252.491,234.891,12.67,57.124,58.733,56.008,276.535,248.567,0.459,265.66,260.835,247.293,246.185,False,False,False,False,False,False,False,,2
096770.KS,SK이노베이션,14721265059.0,Energy,Oil & Gas Refining & Marketing,https://www.skinnovation.com,,129700.0,123492.0,114732.5,13.046,48.529,47.155,47.155,149259.043,118410.957,0.755,139650.0,135450.0,122000.0,118200.0,False,False,False,False,False,False,False,70.0,10
018670.KS,SK가스,1681248071.0,Energy,Oil & Gas Refining & Marketing,https://www.skgas.co.kr,,270500.0,248095.95,239099.738,13.133,58.351,57.811,53.008,286510.508,230589.492,1.031,273000.0,263500.0,252268.723,250688.258,False,False,False,False,False,False,False,75.0,4
052400.KQ,코나아이,582758486.0,Technology,Semiconductors,https://www.konai.com,,59600.0,59153.341,52589.845,13.33,51.395,51.593,41.335,67931.668,52178.332,0.575,59700.0,61450.0,58774.402,56172.456,False,False,False,False,False,False,False,,0
MRK,Merck & Co.,280201579882.0,Healthcare,Drug Manufacturers - General,https://www.merck.com,73000.0,113.45,115.873,100.047,13.396,48.466,45.091,34.853,117.447,108.228,0.872,112.685,115.95,118.55,114.735,False,False,False,False,True,False,False,0.0,7
PLD,Prologis,132391996000.0,Real Estate,REIT - Industrial,https://www.prologis.com,2802.0,142.0,136.845,125.166,13.449,54.218,59.44,49.938,145.56,138.642,0.655,141.67,140.235,133.635,133.017,False,False,False,False,False,False,False,100.0,5
ODFL,Old Dominion,39343439778.0,Industrials,Trucking,https://www.odfl.com,20264.0,189.18,200.351,166.745,13.455,37.047,38.38,37.047,232.901,184.344,0.532,201.055,210.34,196.488,195.691,False,False,False,False,True,False,False,20.0,15
009540.KS,HD한국조선해양,21881685433.0,Industrials,Aerospace & Defense,https://www.hdksoe.co.kr,,460500.0,414530.0,405854.907,13.464,56.604,58.058,55.841,502544.423,396205.577,0.858,466000.0,429250.0,403000.0,384250.0,False,False,False,False,False,False,False,,0
IFF,International Flavors & Fragrances,19780913088.0,Basic Materials,Specialty Chemicals,https://www.iff.com,21500.0,77.48,72.261,68.267,13.495,56.512,58.707,44.774,82.042,65.709,0.725,76.935,76.335,74.53,72.123,False,False,False,False,False,False,False,22.2,18
DLR,Digital Realty,67456580553.0,Real Estate,REIT - Specialty,https://www.digitalrealty.com,4282.0,193.31,187.924,170.32,13.498,48.611,52.394,48.611,204.447,192.115,0.807,196.11,195.22,177.81,169.814,False,False,False,False,False,False,False,100.0,3
003380.KQ,하림지주,925722224.0,Consumer Defensive,Packaged Foods,https://www.harimholdings.co.kr,,12310.0,14136.8,10843.578,13.523,37.997,35.818,35.818,14181.288,12320.712,2.0,12800.0,13125.0,15142.5,15006.583,False,False,True,False,True,False,False,,0
064400.KS,LG씨엔에스,4781134387.0,Technology,Information Technology Services,https://www.lgcns.com,,73500.0,64055.856,64649.562,13.69,68.116,67.282,50.916,72815.634,62254.366,1.475,70750.0,66700.0,66145.173,62929.133,False,False,False,False,False,False,False,,0
NEE,NextEra Energy,197794637102.0,Utilities,Utilities - Regulated Electric,https://www.nexteraenergy.com,17400.0,94.85,92.987,83.371,13.769,52.725,51.936,47.595,98.512,90.105,0.557,95.665,94.325,92.115,89.182,False,False,False,False,False,False,False,,2
FRT,Federal Realty Investment Trust,9859599054.0,Real Estate,REIT - Retail,https://www.federalrealty.com,314.0,114.13,108.633,100.299,13.79,58.24,65.268,58.24,117.481,108.726,0.914,114.305,112.025,104.894,103.972,False,False,False,False,False,False,False,25.0,4
137400.KQ,피엔티,784961547.0,Industrials,Specialty Industrial Machinery,https://www.epnt.co.kr,,49350.0,51205.0,43343.668,13.857,38.285,42.261,38.285,61857.737,49317.263,0.906,54200.0,54375.0,48762.5,47275.0,False,False,False,False,False,False,False,0.0,6
001720.KS,신영증권,2030965074.0,Financial Services,Capital Markets,https://www.shinyoung.com,,184000.0,199338.0,161519.5,13.918,38.025,39.414,38.025,215841.603,188698.397,0.68,198050.0,198050.0,208650.0,200175.0,False,False,False,False,True,False,False,,0
115180.KQ,큐리언트,748894947.0,Healthcare,Biotechnology,https://www.qurient.com,,29900.0,38569.0,26180.3,14.208,33.591,37.699,33.591,42998.713,29691.287,0.887,35150.0,35900.0,43600.0,41687.5,False,True,False,False,True,False,False,,0
005830.KS,DB손해보험,7071515166.0,Financial Services,Insurance - Property & Casualty,https://www.idbins.com,,160800.0,170473.999,140750.382,14.245,41.17,41.908,41.17,177690.131,159409.869,0.755,166350.0,167550.0,179075.55,161346.122,False,False,False,False,True,False,False,100.0,4
011780.KS,금호석유화학,2369763195.0,Basic Materials,Specialty Chemicals,https://www.kkpc.co.kr,,140300.0,130732.0,122751.143,14.296,52.063,53.789,46.649,151230.525,127629.475,0.443,142200.0,136300.0,136150.0,129950.0,False,False,False,False,False,True,False,,0
034220.KS,LG디스플레이,4756885230.0,Technology,Consumer Electronics,https://www.lgdisplay.com,,14170.0,12277.8,12388.9,14.377,61.94,50.879,45.902,15107.653,11385.347,4.432,13485.0,13310.0,13395.0,12400.0,False,False,True,True,False,True,False,33.3,3
140860.KQ,파크시스템스,1362470982.0,Technology,Scientific & Technical Instruments,https://www.parksystems.com,,290000.0,268990.0,253412.653,14.438,52.877,56.952,52.877,323995.794,249704.206,1.203,313000.0,288250.0,274000.0,261250.0,False,False,False,False,False,False,False,,1
GS,Goldman Sachs,281855990172.0,Financial Services,Capital Markets,https://www.goldmansachs.com,47000.0,955.42,876.903,834.734,14.458,62.938,60.62,50.683,956.499,900.778,1.23,929.275,912.445,873.183,832.573,False,False,False,False,False,False,False,100.0,4
112610.KS,씨에스윈드,1551605917.0,Industrials,Specialty Industrial Machinery,https://www.cswind.com,,54800.0,62397.0,47867.132,14.484,34.117,37.568,34.117,76703.492,55076.508,0.869,64150.0,66000.0,64525.0,59200.0,False,False,False,False,True,False,False,100.0,5
017800.KS,현대엘리베이터,2398949919.0,Industrials,Specialty Industrial Machinery,https://www.hyundaielevator.co.kr,,91400.0,91734.0,79740.522,14.622,41.466,45.73,41.466,103078.855,92861.145,0.821,96250.0,94900.0,89623.963,88625.0,False,False,False,False,False,False,False,,0
KMI,Kinder Morgan,72996533087.0,Energy,Oil & Gas Midstream,https://www.kindermorgan.com,11028.0,32.81,32.449,28.599,14.725,58.556,55.179,43.553,32.846,30.739,0.607,31.875,31.955,33.297,31.401,False,False,False,False,False,False,True,,0
011170.KS,롯데케미칼,2478494085.0,Basic Materials,Chemicals,https://www.lottechem.com,,86300.0,86471.06,75095.478,14.92,43.574,45.504,43.574,113791.665,78708.335,0.756,102100.0,100100.0,84138.212,82314.874,False,False,False,False,False,False,False,,1
TSN,Tyson Foods,17959394417.0,,,,,66.89,63.747,58.181,14.968,56.361,59.406,49.364,69.459,61.835,0.755,65.765,65.765,62.155,61.889,False,False,False,False,False,False,False,,1
MO,Altria,119464018952.0,Consumer Defensive,Tobacco,https://www.altria.com,5900.0,71.54,66.8,62.188,15.039,60.231,55.655,50.041,74.753,62.282,0.682,71.295,69.32,65.483,63.889,False,False,False,False,False,False,False,,1
DOC,Healthpeak Properties,13592267703.0,Real Estate,REIT - Healthcare Facilities,https://www.healthpeak.com,411.0,19.55,17.085,16.992,15.053,74.001,78.235,41.757,20.41,14.461,0.918,17.97,17.785,16.879,16.641,False,False,False,True,False,False,False,30.0,10
MAR,Marriott International,92341118888.0,Consumer Cyclical,Lodging,https://www.marriott.com,414000.0,350.19,343.481,304.075,15.166,47.38,47.411,45.573,378.718,341.926,0.967,355.19,362.265,340.128,326.538,False,False,False,False,False,False,False,100.0,3
C,Citigroup,211664960000.0,Financial Services,Banks - Diversified,https://www.citigroup.com,224000.0,124.1,119.073,107.649,15.282,47.853,53.827,47.853,131.952,123.861,0.629,127.6,127.905,113.05,110.46,False,False,False,False,False,False,False,100.0,3
WST,West Pharmaceutical Services,20038687580.0,,,,,302.4,268.325,261.935,15.449,56.442,64.061,56.442,332.752,265.243,0.54,312.575,292.624,247.718,242.497,False,False,False,False,False,False,False,0.0,7
EOG,EOG Resources,71867567553.0,Energy,Oil & Gas E&P,https://www.eogresources.com,3400.0,134.93,135.932,116.759,15.563,49.839,48.418,40.905,142.099,127.116,0.64,135.84,133.58,140.502,127.579,False,False,False,False,False,False,True,33.3,6
ETR,Entergy,51443587260.0,Utilities,Utilities - Regulated Electric,https://www.entergy.com,12000.0,112.35,110.162,97.154,15.641,49.015,50.834,46.904,117.603,109.531,0.605,114.58,113.737,107.473,103.086,False,False,False,False,False,False,False,,0
022100.KS,포스코DX,3424665412.0,Technology,Information Technology Services,https://www.poscodx.com,,33550.0,32608.83,28998.312,15.696,47.492,52.994,47.492,36831.994,32178.006,0.84,34850.0,33950.0,36848.608,32400.624,False,False,False,False,False,False,True,100.0,4
IVZ,Invesco,12452202309.0,Financial Services,Asset Management,https://www.invesco.com/corporate/en/home.html,7421.0,28.09,24.752,24.276,15.712,68.313,71.846,59.592,28.535,23.801,0.541,27.1,25.855,25.596,23.71,False,False,False,False,False,False,False,100.0,5
VRSN,Verisign,25130622872.0,,,,,295.14,260.826,255.025,15.73,72.378,66.461,54.59,290.471,261.653,0.94,282.87,274.76,258.265,245.308,False,False,False,False,False,False,False,57.1,7
PM,Philip Morris International,292868792752.0,Consumer Defensive,Tobacco,https://www.pmi.com,84900.0,187.91,165.946,162.258,15.809,73.748,73.115,52.403,185.867,149.268,0.729,178.21,172.045,170.619,163.895,False,False,False,False,False,False,False,75.0,4
AAPL,Apple Inc.,4387752311800.0,Technology,Consumer Electronics,https://www.apple.com,150000.0,298.87,264.449,257.752,15.952,75.979,73.654,58.748,299.119,257.062,0.929,287.763,278.377,262.308,254.693,False,False,False,False,False,False,False,0.0,4
CTVA,Corteva,55957564442.0,Basic Materials,Agricultural Inputs,https://www.corteva.com,21500.0,83.35,80.883,71.859,15.99,57.555,55.248,43.305,83.704,77.98,0.695,81.54,81.715,81.654,78.38,False,False,False,False,False,False,False,,0
WMT,Walmart,1019829727928.0,,,,,131.47,126.091,113.225,16.114,58.325,55.79,48.64,132.984,125.595,0.823,129.748,127.107,124.591,123.581,False,False,False,False,False,False,False,,0
213420.KQ,덕산네오룩스,836919865.0,Technology,Electronic Components,https://www.dsneolux.co.kr,,50200.0,48239.0,43160.0,16.311,48.869,46.676,46.676,55720.567,48724.433,1.018,50475.0,49225.0,46662.5,44200.0,False,False,False,False,False,False,False,100.0,4
PFG,Principal Financial Group,21691963601.0,Financial Services,Asset Management,https://www.principal.com,19700.0,100.42,93.38,86.312,16.345,61.783,63.957,61.783,103.269,94.844,0.645,101.015,96.81,90.979,89.896,False,False,False,False,False,False,False,80.0,5
282330.KS,BGF리테일,1551515511.0,Consumer Defensive,Grocery Stores,https://www.bgfretail.com,,133700.0,129020.0,114885.157,16.377,51.421,50.112,46.359,138046.261,128923.739,1.666,135450.0,136550.0,129750.0,124873.777,False,False,True,False,False,False,False,,2
EIX,Edison International,27174148113.0,Utilities,Utilities - Regulated Electric,https://www.edison.com,13725.0,70.62,70.791,60.653,16.433,52.983,56.819,41.506,71.679,67.493,0.745,69.71,71.26,71.057,67.016,False,False,False,False,False,False,True,77.8,9
012450.KS,한화에어로스페이스,44521044223.0,Industrials,Aerospace & Defense,https://www.hanwhaaerospace.co.kr,,1286000.0,1409540.0,1104386.441,16.445,38.185,37.916,37.916,1553340.659,1265359.341,0.717,1368000.0,1412000.0,1383500.0,1376000.0,False,True,False,False,True,False,False,,0
COP,ConocoPhillips,143093347013.0,Energy,Oil & Gas E&P,https://www.conocophillips.com,9900.0,117.4,122.064,100.764,16.51,45.358,46.058,37.133,127.556,112.22,0.653,118.807,119.358,126.835,114.697,False,True,False,False,False,False,True,0.0,4
051910.KS,LG화학,18365896062.0,Basic Materials,Chemicals,https://www.lgchem.com,,387500.0,345952.041,332577.933,16.514,52.066,52.416,52.066,442787.912,339962.088,0.918,405750.0,370500.0,353725.228,333135.777,False,False,False,False,False,False,False,87.5,8
IEX,IDEX Corporation,15707474335.0,Industrials,Specialty Industrial Machinery,https://www.idexcorp.com,8700.0,212.22,200.544,181.992,16.609,55.627,58.453,55.627,221.79,199.791,0.544,215.72,209.635,200.08,193.357,False,False,False,False,False,False,False,37.5,8
443060.KS,HD현대마린솔루션,6983498758.0,Industrials,Aerospace & Defense,https://www.hd-marinesolution.com,,232000.0,200473.808,198945.615,16.615,50.838,57.301,50.838,301979.089,171611.739,0.82,253527.46,227986.073,176857.4,174217.752,False,False,False,False,False,False,False,,2
010130.KS,고려아연,21035252964.0,Basic Materials,Other Industrial Metals & Mining,https://www.koreazinc.co.kr,,1501000.0,1605360.0,1286301.452,16.691,41.105,41.888,41.105,1756325.573,1495574.427,0.577,1633000.0,1621000.0,1791500.0,1626000.0,False,True,False,False,True,False,False,,0
WELL,Welltower,147563910921.0,,,,,220.14,207.317,188.56,16.748,63.488,60.364,54.467,222.134,203.476,0.741,215.173,210.278,201.145,198.247,False,False,False,False,False,False,False,,0
141080.KQ,리가켐바이오,4913818089.0,Healthcare,Biotechnology,https://ligachembio.com,,197700.0,192384.0,169323.5,16.759,53.49,56.833,41.745,210026.224,175393.776,1.224,193500.0,188600.0,193975.0,183300.0,False,False,False,False,False,True,False,,0
MS,Morgan Stanley,305725116079.0,Financial Services,Capital Markets,https://www.morganstanley.com,84000.0,193.83,174.716,166.0,16.765,63.596,61.244,60.291,193.993,185.294,0.663,190.695,184.249,169.827,161.36,False,False,False,False,False,False,False,,2
WBD,Warner Bros. Discovery,68735589226.0,,,,,27.25,27.341,23.3,16.951,51.019,49.299,41.219,27.506,26.797,1.149,27.11,27.095,27.905,27.495,False,False,False,True,True,False,False,,2
241710.KQ,코스메카코리아,615952518.0,Consumer Defensive,Household & Personal Products,https://www.cosmecca.com,,85900.0,79268.0,73338.573,17.128,55.438,65.306,38.583,90886.095,76363.905,0.921,84550.0,81800.0,85850.0,78575.0,False,False,False,False,False,True,False,,1
OKE,Oneok,55940616929.0,Energy,Oil & Gas Midstream,https://www.oneok.com/,6326.0,88.79,86.762,75.769,17.185,55.154,54.231,45.279,91.873,81.879,0.545,87.498,85.861,88.798,84.099,False,False,False,False,False,False,True,50.0,18
ROST,Ross Stores,72915011818.0,,,,,211.76,218.865,180.298,17.45,36.92,43.211,36.92,233.815,215.513,1.572,220.143,220.143,211.3,203.164,False,False,False,False,False,False,False,100.0,2
105560.KS,KB금융,38050562743.0,Financial Services,Banks - Regional,https://www.kbfg.com,,152000.0,152221.192,129273.667,17.58,43.45,45.83,43.45,162966.749,152726.376,1.045,157500.0,154679.297,148176.413,147348.245,False,False,False,False,False,False,False,100.0,3
TGT,Target Corporation,58952740576.0,,,,,121.48,122.272,103.139,17.783,43.868,44.377,37.285,134.288,120.417,0.743,124.825,124.965,118.713,112.932,False,True,False,False,False,False,False,20.0,10
SBUX,Starbucks,112733735000.0,,,,,105.95,98.196,89.9,17.853,63.604,66.061,61.276,109.399,95.456,1.12,105.495,101.75,94.874,92.247,False,False,False,False,False,False,False,20.0,5
003540.KS,대신증권,1181403853.0,Financial Services,Capital Markets,https://www.daishin.com,,35750.0,38130.885,30334.132,17.854,39.618,42.572,39.618,41321.206,36448.794,0.768,39200.0,39175.0,38990.746,37849.844,False,False,False,False,True,False,False,,0
AMZN,Amazon,2905046038464.0,Consumer Cyclical,Internet Retail,https://www.amazon.com,1576000.0,270.13,234.796,229.067,17.926,67.286,63.82,63.82,280.178,245.766,0.805,270.595,249.09,221.89,208.18,False,False,False,False,False,False,False,55.6,9
XOM,ExxonMobil,613840694407.0,,,,,151.57,154.759,128.465,17.986,49.813,48.232,37.073,155.875,144.544,0.523,149.605,150.6,165.003,153.694,False,False,False,False,True,False,False,0.0,4
MNST,Monster Beverage,84040236892.0,Consumer Defensive,Beverages - Non-Alcoholic,https://www.monsterbevcorp.com,5773.0,85.93,76.259,72.788,18.055,71.303,71.208,45.794,86.284,70.728,1.201,81.685,81.315,79.12,75.263,False,False,False,False,False,True,False,,0
VTR,Ventas,40247957594.0,,,,,90.35,84.892,76.504,18.098,69.446,63.832,56.237,90.866,81.245,0.889,87.815,84.915,83.382,81.497,False,False,False,False,False,False,False,,0
089030.KQ,테크윙,1425503792.0,Technology,Semiconductor Equipment & Materials,https://www.techwing.co.kr,,57300.0,56733.0,48491.25,18.166,50.786,43.555,43.555,63139.052,53090.948,0.688,58150.0,55100.0,55075.0,54937.5,False,False,False,False,False,True,False,90.9,11
NTRS,Northern Trust,30157151636.0,Financial Services,Asset Management,https://www.northerntrust.com,23600.0,162.97,150.499,137.755,18.304,58.14,57.127,53.364,170.479,156.234,0.78,163.085,161.04,144.746,139.915,False,False,False,False,False,False,False,100.0,4
WMB,Williams Companies,86712786466.0,,,,,75.71,73.133,63.978,18.338,59.612,56.318,45.271,76.968,69.324,0.826,74.6,73.37,73.463,69.376,False,False,False,False,False,False,False,,0
BK,BNY Mellon,92654301210.0,Financial Services,Banks - Diversified,https://www.bny.com,47200.0,134.99,125.015,114.042,18.369,62.005,58.644,51.443,136.848,130.477,1.025,133.215,132.14,119.76,118.657,False,False,False,False,False,False,False,,0
CSX,CSX Corporation,82583685959.0,Industrials,Railroads,https://www.csx.com,23000.0,44.4,42.191,37.488,18.438,54.277,55.381,54.277,46.396,42.813,0.969,45.02,43.965,40.565,39.432,False,False,False,False,False,False,False,100.0,4
OXY,Occidental Petroleum,55878577502.0,Energy,Oil & Gas E&P,https://www.oxy.com,10412.0,56.18,58.267,47.31,18.749,47.054,47.291,37.198,61.402,52.467,0.457,56.69,56.375,61.797,54.8,False,False,False,True,False,False,True,75.0,4
241560.KS,두산밥캣,4524366109.0,Industrials,Farm & Heavy Construction Machinery,https://www.doosanbobcat.com,,70300.0,65216.511,59134.513,18.882,49.841,53.46,49.841,77216.473,67884.346,0.689,72839.618,69716.94,59861.861,59841.585,False,False,False,False,False,False,False,,0
JCI,Johnson Controls,87734623711.0,Industrials,Building Products & Equipment,https://www.johnsoncontrols.com,87000.0,143.8,137.515,120.915,18.927,56.814,51.291,47.543,146.203,137.573,1.377,142.36,141.21,133.973,129.321,False,False,False,False,False,False,False,,0
237690.KQ,에스티팜,1996021532.0,,,,,142600.0,149626.303,119877.906,18.954,44.178,46.758,44.178,166893.472,132586.528,0.667,155750.0,153600.0,149909.341,142501.322,False,False,False,False,False,False,True,25.0,4
WAB,Wabtec,44969625765.0,,,,,264.78,255.78,221.98,19.281,51.958,56.73,51.769,272.42,257.057,0.789,268.085,264.655,248.245,246.538,False,False,False,False,False,False,False,,1
263750.KQ,펄어비스,2238766550.0,Communication Services,Electronic Gaming & Multimedia,https://www.pearlabyss.com,,51900.0,57457.0,43497.25,19.318,40.855,42.473,40.855,61312.924,50477.076,2.63,56200.0,57450.0,58600.0,58000.0,False,False,False,False,True,False,False,100.0,3
055550.KS,신한지주,30338719211.0,Financial Services,Banks - Regional,https://www.shinhangroup.com,,95200.0,94565.806,79765.777,19.349,43.816,48.717,43.816,100741.034,96117.484,0.892,97900.0,95961.851,91492.222,91124.951,False,False,False,False,False,False,False,,1
PSX,Phillips 66,68888655136.0,Energy,Oil & Gas Refining & Marketing,https://www.phillips66.com,12600.0,171.82,170.696,143.669,19.594,51.908,56.437,49.13,183.839,153.046,1.155,173.425,167.495,177.125,164.417,False,False,False,False,False,False,True,100.0,4
247540.KQ,에코프로비엠,12946233125.0,Industrials,Electrical Equipment & Parts,https://www.ecoprobm.co.kr,,197100.0,202973.551,163955.953,20.215,42.653,46.537,42.653,234837.956,190802.044,1.055,219100.0,218050.0,201800.298,196753.852,False,False,False,False,False,False,True,75.0,4
ROK,Rockwell Automation,44965634782.0,,,,,454.99,391.304,378.096,20.337,69.393,69.456,53.097,467.446,377.444,0.767,431.9,424.125,392.366,369.88,False,False,False,False,False,False,False,100.0,6
139130.KS,iM금융지주,1964912451.0,Financial Services,Banks - Regional,https://www.imfngroup.com,,18220.0,17755.4,15112.253,20.564,45.98,49.14,45.98,19587.731,18230.269,0.991,18775.0,18055.0,17487.5,17269.792,False,False,False,False,False,False,False,,0
DVN,Devon Energy,29145550023.0,Energy,Oil & Gas E&P,https://www.devonenergy.com,2200.0,46.9,47.699,38.861,20.685,46.496,45.919,39.71,52.249,43.213,0.942,48.075,46.935,48.885,44.734,False,False,False,False,False,False,True,60.0,5
036570.KS,NC,3804217606.0,Communication Services,Electronic Gaming & Multimedia,https://www.nc.com,,263000.0,236845.84,217887.592,20.704,56.077,48.712,48.712,279864.64,244885.36,2.519,264250.0,251000.0,222000.125,221337.75,False,False,False,False,False,False,False,100.0,4
HST,Host Hotels & Resorts,14765997298.0,Real Estate,REIT - Hotel & Motel,https://www.hosthotels.com,162.0,21.56,20.034,17.848,20.799,59.851,63.671,58.461,22.061,20.434,1.092,21.61,20.99,19.472,19.129,False,False,False,False,False,False,False,75.0,4
GWW,W. W. Grainger,59150956139.0,Industrials,Industrial Distribution,https://www.grainger.com,22100.0,1252.85,1128.323,1036.154,20.913,71.844,69.706,48.628,1249.011,1097.245,0.634,1208.216,1204.923,1123.637,1094.027,False,False,False,False,False,False,False,50.0,4
017960.KS,한국카본,1518073780.0,Basic Materials,Chemicals,https://www.hcarbon.com,,43250.0,46182.0,35750.236,20.978,36.682,37.271,36.682,54831.612,43728.388,0.558,46800.0,47875.0,43275.0,41375.0,False,False,False,False,False,False,True,,0
AVGO,Broadcom,1973362352409.0,Technology,Semiconductors,https://www.broadcom.com,33000.0,416.79,364.931,344.492,20.987,58.364,59.752,58.364,435.32,395.753,0.829,421.24,390.105,321.18,316.618,False,False,False,False,False,False,False,,2
281740.KQ,레이크머티리얼즈,895872302.0,Basic Materials,Specialty Chemicals,https://www.lakematerials.co.kr,,20300.0,21143.2,16738.389,21.278,41.693,37.921,37.921,25955.594,19627.406,0.485,22030.0,22260.0,21240.0,20530.0,False,True,False,False,True,False,False,0.0,7
030530.KQ,원익홀딩스,1623147806.0,Industrials,Specialty Industrial Machinery,https://www.wonikholdings.kr,,31300.0,31061.0,25782.75,21.399,47.471,47.919,47.471,35770.921,28964.079,0.457,33825.0,31400.0,35700.0,30737.5,False,False,False,False,False,False,True,,0
010140.KS,삼성중공업,18345396194.0,Industrials,Aerospace & Defense,https://www.samsungshi.com,,31050.0,29143.0,25535.6,21.595,50.308,51.591,50.308,35687.511,27412.489,0.892,32800.0,30925.0,27500.0,26900.0,False,False,False,False,False,False,False,,0
214370.KQ,케어젠,3505457158.0,,,,,97200.0,104254.0,79920.25,21.621,45.385,48.864,45.138,110902.143,91827.857,0.856,101350.0,93750.0,111700.0,108225.0,False,False,False,False,True,False,False,,0
121600.KQ,나노신소재,604695981.0,Basic Materials,Specialty Chemicals,https://www.anapro.com,,73500.0,70480.0,60429.292,21.63,44.272,43.947,43.947,91819.153,70190.847,0.52,79900.0,79050.0,63950.0,62550.0,False,False,False,False,False,False,False,35.7,14
271560.KS,오리온,3657852714.0,Consumer Defensive,Confectioners,https://www.orionworld.com,,137800.0,132652.104,113166.527,21.767,50.69,53.277,50.69,146530.506,132539.494,0.677,142800.0,139100.0,127521.189,122769.888,False,False,False,False,False,False,False,,0
NVDA,Nvidia,5469721211562.0,Technology,Semiconductors,https://www.nvidia.com,42000.0,225.83,191.177,185.427,21.789,72.131,69.264,50.819,224.495,190.004,0.951,211.29,204.07,180.945,174.66,False,False,False,False,False,False,False,100.0,4
NEM,Newmont,126996076805.0,Basic Materials,Gold,https://www.newmont.com,17500.0,118.96,111.942,97.587,21.902,56.707,57.77,45.261,122.009,105.263,0.922,114.33,114.435,114.474,110.033,False,False,False,False,False,False,False,,0
BIIB,Biogen,30016521732.0,Healthcare,Drug Manufacturers - General,https://www.biogen.com,7500.0,204.53,185.263,167.071,22.421,68.838,64.735,53.075,202.536,174.809,1.102,195.705,188.595,185.525,180.638,False,False,False,False,False,False,False,,2
CRWD,CrowdStrike,142675678611.0,Technology,Software - Infrastructure,https://www.crowdstrike.com,10698.0,562.57,435.734,459.238,22.501,79.021,76.821,56.86,554.053,390.629,0.999,506.967,466.42,414.96,399.836,False,False,False,False,False,False,False,30.8,13
ELV,Elevance Health,86786773543.0,Healthcare,Healthcare Plans,https://www.elevancehealth.com,96129.0,399.64,321.699,326.157,22.53,82.056,80.419,73.451,409.035,310.12,1.71,384.035,353.71,324.639,298.389,False,False,True,False,False,False,False,55.0,20
033780.KS,KT&G,13704960864.0,Consumer Defensive,Tobacco,https://www.ktng.com,,178000.0,164292.0,145225.555,22.568,59.612,68.984,59.612,183400.497,167319.503,1.443,179450.0,170000.0,160650.0,157886.363,False,False,False,False,False,False,False,,0
047050.KS,포스코인터내셔널,8563334808.0,Industrials,Conglomerates,https://poscointl.com,,72500.0,76093.458,59079.206,22.717,39.15,41.405,39.15,88666.843,69183.157,0.89,81400.0,81250.0,75862.341,71488.748,False,False,False,False,False,False,True,,1
383220.KS,F&F,2111567494.0,Consumer Cyclical,Apparel Manufacturing,https://www.fnf.co.kr,,82100.0,66402.0,66829.853,22.849,70.617,74.648,54.831,86442.785,57327.215,0.652,76850.0,74200.0,68200.0,64075.0,False,False,False,False,False,False,False,,1
STT,State Street Corporation,41588595449.0,,,,,151.58,136.327,123.225,23.01,62.969,61.074,58.41,155.807,144.791,0.786,150.84,145.155,125.058,124.92,False,False,False,False,False,False,False,100.0,5
IBKR,Interactive Brokers,37919629064.0,Financial Services,Capital Markets,https://www.interactivebrokers.com,3232.0,85.12,73.66,69.186,23.031,65.893,64.929,62.503,87.492,74.518,0.701,83.145,78.745,71.058,67.355,False,False,False,False,False,False,False,,1
PANW,Palo Alto Networks,184737690000.0,Technology,Software - Infrastructure,https://www.paloaltonetworks.com,17027.0,227.79,172.41,185.117,23.052,82.739,79.006,58.79,219.548,153.632,1.353,203.13,190.065,164.48,157.502,False,False,False,False,False,False,False,54.5,11
FFIV,"F5, Inc.",20164238878.0,Technology,Software - Infrastructure,https://www.f5.com,6512.0,357.4,305.073,290.08,23.208,72.987,72.118,62.017,365.972,286.034,0.814,341.07,323.0,291.95,283.785,False,False,False,False,False,False,False,75.0,4
047810.KS,한국항공우주,10700259158.0,Industrials,Aerospace & Defense,https://www.koreaaero.com,,163500.0,180972.586,132598.692,23.304,38.885,40.484,37.056,195884.341,158085.659,0.56,173700.0,182750.0,182632.996,180779.627,False,False,False,False,True,False,False,,0
310210.KQ,보로노이,3286499098.0,Healthcare,Biotechnology,https://voronoi.io,,266000.0,304450.0,215711.0,23.313,40.433,42.817,40.433,329126.852,261623.148,0.884,282000.0,313500.0,313375.0,274550.0,False,False,False,False,True,False,False,,0
376900.KQ,로킷헬스케어,739691779.0,Healthcare,Medical Care Facilities,https://rokithealthcare.com,,70000.0,98278.0,56722.3,23.408,36.507,36.792,31.526,110193.093,60376.907,0.339,75450.0,103100.0,121350.0,102300.0,False,True,False,False,True,False,False,,0
139480.KS,이마트,1963956986.0,Consumer Defensive,Discount Stores,https://company.emart.com,,106000.0,97779.602,85604.855,23.825,54.531,56.601,54.531,112880.68,97139.32,1.194,109800.0,103700.0,106463.011,94726.406,False,False,False,False,False,False,True,,1
BG,Bunge Global,24423987868.0,Consumer Defensive,Farm Products,https://www.bunge.com,34000.0,126.02,124.18,101.452,24.216,51.866,52.29,47.669,129.724,120.991,0.486,128.57,125.835,124.347,120.8,False,False,False,False,False,False,False,,0
EBAY,eBay Inc.,50176440000.0,Consumer Cyclical,Internet Retail,https://www.ebayinc.com,12300.0,113.01,97.764,90.966,24.233,68.243,65.006,59.222,112.455,98.194,0.919,107.35,104.005,92.344,88.12,False,False,False,False,False,False,False,,1
399720.KQ,가온칩스,552429575.0,Technology,Semiconductors,https://www.gaonchips.com,,69500.0,64934.0,55742.5,24.68,51.796,44.312,44.312,78815.582,59234.418,0.82,69550.0,71250.0,65150.0,63400.0,False,False,False,False,False,False,False,25.0,4
FDX,FedEx,88212917693.0,Industrials,Integrated Freight & Logistics,https://www.fedex.com,300000.0,369.7,369.453,296.394,24.732,45.961,49.643,40.095,405.75,361.167,0.845,378.995,379.085,358.586,345.499,False,False,False,False,False,False,False,25.0,4
009830.KS,한화솔루션,4979900182.0,Technology,Solar,https://www.hanwhasolutions.com,,43150.0,44636.015,34545.629,24.907,46.704,40.961,40.961,51290.122,40042.452,0.439,47559.086,46225.0,43100.0,42825.0,False,False,False,False,False,True,False,,0
BKR,Baker Hughes,64870848067.0,Energy,Oil & Gas Equipment & Services,https://www.bakerhughes.com,56000.0,65.41,62.18,52.277,25.122,53.393,52.83,47.22,71.838,58.434,0.638,66.113,64.2,60.884,59.651,False,False,False,False,False,False,False,,1
044490.KQ,태웅,602470114.0,Industrials,Metal Fabrication,https://www.taewoong.com,,44850.0,47736.0,35803.0,25.269,41.503,43.358,41.503,58250.134,44299.866,0.429,52825.0,52500.0,45987.5,42975.0,False,False,False,False,False,False,True,,0
226950.KQ,올릭스,2124894851.0,Healthcare,Biotechnology,https://www.olixpharma.com,,155900.0,178310.0,124224.75,25.498,40.492,46.508,40.492,191746.484,153073.516,1.1,175150.0,172250.0,185650.0,164400.0,False,False,False,False,True,False,False,,0
086790.KS,하나금융지주,22529021754.0,Financial Services,Banks - Regional,https://www.hanafn.com,,122300.0,115572.799,97388.599,25.579,52.599,54.497,52.599,128591.422,117914.677,0.885,125017.724,119329.679,112251.836,110484.017,False,False,False,False,False,False,False,100.0,3
008770.KS,호텔신라,1610063107.0,Consumer Cyclical,Specialty Retail,https://www.hotelshilla.net,,61100.0,50493.0,48654.25,25.58,57.218,60.765,57.218,72461.605,47718.395,0.79,65350.0,56775.0,46550.0,44675.0,False,False,False,False,False,False,False,100.0,4
012510.KS,더존비즈온,2430491777.0,Technology,Software - Application,https://entest.douzone.biz/main/index.jsp,,119100.0,119238.0,94714.737,25.746,50.819,64.564,50.819,120500.981,118589.019,1.908,118400.0,118400.0,118975.0,100182.369,False,False,False,False,False,False,False,,0
454910.KS,두산로보틱스,4465181042.0,Industrials,Specialty Industrial Machinery,https://www.doosanrobotics.com,,102600.0,91744.0,81576.5,25.772,57.045,55.434,54.307,109857.296,87252.704,0.728,108900.0,100750.0,104400.0,89425.0,False,False,False,False,False,False,True,50.0,4
078160.KQ,메디포스트,583033635.0,,,,,22150.0,23255.8,17609.05,25.788,42.053,54.221,42.053,28630.529,22769.471,3.205,25350.0,23900.0,21650.0,20925.0,False,False,False,False,False,False,False,,0
232140.KQ,와이씨,1090140777.0,Technology,Semiconductor Equipment & Materials,https://www.yccorp.com,,19790.0,20217.0,15686.0,26.163,43.885,45.532,43.885,23981.885,18803.115,0.747,21665.0,20525.0,19472.5,18835.0,False,False,False,False,False,False,False,,1
EQIX,Equinix,106245929885.0,Real Estate,REIT - Specialty,https://www.equinix.com,13716.0,1077.28,1026.365,852.639,26.347,55.686,57.156,53.28,1111.949,1062.044,0.956,1079.17,1065.455,976.28,898.244,False,False,False,False,False,False,False,57.1,7
FANG,Diamondback Energy,56572104027.0,Energy,Oil & Gas E&P,https://www.diamondbackenergy.com,1762.0,201.1,191.713,159.113,26.388,55.801,53.2,43.937,213.166,179.734,0.501,200.53,192.53,192.171,176.612,False,False,False,False,False,False,False,50.0,4
001120.KS,LX인터내셔널,1177565764.0,Industrials,Conglomerates,https://www.lxinternational.com,,45250.0,47813.0,35797.626,26.405,36.978,37.975,36.978,57181.15,44333.85,1.209,51100.0,51100.0,47700.0,44027.606,False,False,False,False,False,False,True,,1
HUM,Humana,36600748275.0,Healthcare,Healthcare Plans,https://www.humana.com,67060.0,304.85,202.229,240.152,26.94,88.778,87.556,71.432,295.052,181.755,1.312,269.81,249.26,217.809,183.446,False,False,False,False,False,False,False,76.9,13
UNH,UnitedHealth Group,293614980400.0,,,,,401.16,315.901,315.985,26.955,85.621,84.632,74.641,405.228,318.631,0.967,381.197,353.533,305.54,284.2,False,False,False,False,False,False,False,52.6,19
078930.KS,GS,4485380670.0,Industrials,Conglomerates,https://www.gs.co.kr,,71900.0,70084.0,56505.502,27.244,45.269,53.997,45.269,82919.839,68490.161,1.669,77450.0,73750.0,67725.0,67094.678,False,False,False,False,False,False,False,,1
JBHT,J.B. Hunt,22424350473.0,Industrials,Integrated Freight & Logistics,https://www.jbhunt.com,31750.0,237.8,225.642,186.544,27.477,49.99,49.065,49.065,255.392,235.253,0.797,242.299,238.212,214.571,212.981,False,False,False,False,False,False,False,62.5,8
MPC,Marathon Petroleum,72718496412.0,Energy,Oil & Gas Refining & Marketing,https://www.marathonpetroleum.com,18500.0,249.09,234.034,195.198,27.609,58.281,60.914,55.28,265.225,208.503,1.084,247.875,236.125,236.72,212.501,False,False,False,False,False,False,False,100.0,4
004020.KS,현대제철,3892937760.0,Basic Materials,Steel,https://www.hyundai-steel.com,,43450.0,38315.014,33995.142,27.812,58.878,55.867,55.867,45619.259,38085.741,1.043,44275.0,40700.0,39354.642,38005.714,False,False,False,False,False,False,False,,1
DD,DuPont,20969316836.0,Basic Materials,Specialty Chemicals,https://www.dupont.com,15000.0,51.16,46.417,39.977,27.974,65.114,63.264,45.975,51.432,43.583,0.955,48.24,48.07,47.245,45.725,False,False,False,True,False,False,False,100.0,5
007660.KS,이수페타시스,6560115380.0,Technology,Electronic Components,https://www.petasys.com,,133100.0,123691.013,103980.098,28.005,48.542,45.152,45.152,165175.102,116354.898,0.556,140150.0,133450.0,114267.5,113294.45,False,False,False,False,False,False,False,100.0,2
HWM,Howmet Aerospace,109269353607.0,Industrials,Aerospace & Defense,https://www.howmet.com,25430.0,273.1,246.379,212.984,28.225,66.032,64.287,46.34,277.368,226.025,0.576,259.191,256.917,237.893,235.768,False,False,False,False,False,False,False,,0
039490.KS,키움증권,7228802969.0,Financial Services,Capital Markets,https://www.kiwoom.com,,410500.0,436950.0,319936.625,28.307,43.502,45.237,38.515,489136.161,403163.839,0.662,444250.0,444250.0,422375.0,411750.0,False,False,False,False,True,False,False,,0
161580.KQ,필옵틱스,843619959.0,Industrials,Specialty Industrial Machinery,https://www.philoptics.com,,53600.0,44838.0,41769.75,28.323,56.123,56.427,55.548,61237.64,39072.36,0.487,56200.0,50550.0,47150.0,40975.0,False,False,False,False,False,False,False,,1
002380.KS,KCC,3412779076.0,Basic Materials,Chemicals,https://www.kccworld.co.kr,,572000.0,536060.0,445731.837,28.328,52.749,54.825,52.749,612817.877,522882.123,1.11,600000.0,554000.0,552858.152,533750.0,False,False,False,False,False,False,False,,0
IRM,Iron Mountain,37523812768.0,Real Estate,REIT - Specialty,https://www.ironmountain.com,29400.0,126.12,112.033,98.121,28.535,60.785,60.967,60.785,135.12,109.533,0.912,128.69,120.17,102.216,100.352,False,False,False,False,False,False,False,78.6,14
003670.KS,포스코퓨처엠,15019252011.0,Industrials,Electrical Equipment & Parts,https://www.poscofuturem.com,,251500.0,225406.234,195158.826,28.869,50.673,54.871,50.673,299563.434,210086.566,0.788,272500.0,253625.0,218987.743,214162.383,False,False,False,False,False,False,False,100.0,4
023160.KQ,태광,632170650.0,,,,,36400.0,38040.0,28195.995,29.096,35.115,36.99,35.115,50276.209,37478.791,0.72,42450.0,43675.0,35075.0,32725.0,False,False,False,False,False,False,False,,0
083650.KQ,비에이치아이,1730651151.0,,,,,83300.0,96368.0,64299.25,29.551,33.58,36.223,33.58,105609.771,86410.229,0.86,93750.0,93750.0,95675.0,85550.0,False,False,False,False,True,False,False,,0
161890.KS,한국콜마,1543644170.0,Consumer Defensive,Household & Personal Products,https://www.kolmar.co.kr,,97400.0,79941.96,75073.985,29.739,69.868,77.676,59.07,99461.16,79198.84,0.933,96150.0,90100.0,74976.332,71957.549,False,False,False,False,False,False,False,66.7,6
CVS,CVS Health,125738207978.0,Healthcare,Healthcare Plans,https://www.cvshealth.com,219000.0,98.11,77.824,75.553,29.856,81.892,79.481,58.085,96.078,69.87,1.423,89.31,86.175,76.087,74.174,False,False,False,False,False,False,False,,0
ADM,Archer Daniels Midland,39944284839.0,Consumer Defensive,Farm Products,https://www.adm.com,40798.0,82.89,71.868,63.642,30.244,76.18,72.695,63.796,83.389,64.794,1.011,78.58,74.58,70.985,68.062,False,False,False,False,False,False,False,100.0,4
052690.KS,한전기술,4003115307.0,Industrials,Engineering & Construction,https://www.kepco-enc.com,,156000.0,169776.0,119412.617,30.639,35.932,39.99,35.932,201399.686,161620.314,0.797,172850.0,175200.0,161150.0,153200.0,False,False,False,False,False,False,True,100.0,3
FCX,Freeport-McMoRan,96546520533.0,Basic Materials,Copper,https://fcx.com,29000.0,67.16,61.144,51.19,31.198,61.556,59.588,35.825,72.338,52.975,0.937,62.17,63.23,60.138,58.905,False,False,False,False,False,False,False,100.0,7
VLO,Valero Energy,67647236674.0,,,,,244.1,238.737,186.009,31.23,52.563,55.09,47.565,257.498,224.192,0.537,241.38,235.11,239.655,216.929,False,False,False,False,False,False,False,100.0,3
003550.KS,LG,11255311658.0,Technology,Consumer Electronics,https://www.lgcorp.com,,108700.0,93097.696,82784.474,31.305,67.6,71.581,62.009,110504.244,87995.756,1.112,107950.0,102150.0,93528.202,89464.101,False,False,False,False,False,False,False,100.0,4
086520.KQ,에코프로,12306656631.0,,,,,135000.0,151699.347,102785.474,31.342,36.149,38.974,36.149,169373.236,138196.764,0.902,149250.0,149700.0,154183.723,140358.555,False,False,False,False,True,False,False,88.9,9
BEN,Franklin Resources,16685260874.0,Financial Services,Asset Management,https://www.franklinresources.com,9900.0,32.04,26.273,24.386,31.385,77.273,75.942,71.399,32.812,25.655,0.609,30.758,28.413,25.083,23.891,False,False,False,False,False,False,False,100.0,4
005387.KS,현대차2우B,6631648712.0,Consumer Cyclical,Auto Manufacturers,https://www.hyundai.com/worldwide/en/,,282500.0,254580.0,215007.429,31.391,65.211,57.759,48.183,276314.494,234385.506,1.49,267500.0,259000.0,280750.0,263625.0,False,False,False,False,False,True,False,75.0,4
036830.KQ,솔브레인홀딩스,839751609.0,Basic Materials,Chemicals,https://www.soulbrainholdings.co.kr,,61000.0,56741.493,46336.638,31.645,47.897,47.897,47.897,79898.074,49781.926,1.151,69150.0,64125.0,51657.522,51319.293,False,False,False,False,False,False,False,0.0,3
069960.KS,현대백화점,1646231751.0,Consumer Cyclical,Department Stores,https://www.ehyundai.com,,113700.0,90803.322,86270.476,31.795,67.77,65.097,65.097,123465.42,81044.58,1.834,112000.0,97100.0,93831.589,86998.324,False,False,True,False,False,False,False,,0
005385.KS,현대차우,4395764311.0,Consumer Cyclical,Auto Manufacturers,https://www.hyundai.com/worldwide/en/,,280500.0,255000.0,212322.803,32.11,63.76,57.424,48.335,275201.81,237898.19,1.832,267000.0,258750.0,279000.0,261750.0,False,False,True,False,False,True,False,100.0,4
SLB,Schlumberger,78359158156.0,,,,,55.38,51.439,41.902,32.167,56.94,58.243,47.599,57.738,51.661,0.446,54.965,53.48,50.497,49.175,False,False,False,False,False,False,False,40.0,5
CF,CF Industries,19278862467.0,Basic Materials,Agricultural Inputs,https://www.cfindustries.com,2900.0,125.5,123.491,94.939,32.189,52.488,57.336,42.524,131.218,113.881,0.907,121.87,120.07,127.208,115.134,False,False,False,True,False,False,True,100.0,6
EME,Emcor,41018820997.0,Industrials,Engineering & Construction,https://emcorgroup.com,44000.0,923.01,801.648,696.848,32.455,65.029,65.658,65.029,971.18,794.876,0.845,917.045,864.242,759.872,732.828,False,False,False,False,False,False,False,100.0,4
010950.KS,S-Oil,8715336116.0,Energy,Oil & Gas Refining & Marketing,https://www.s-oil.com,,115300.0,116895.811,86852.081,32.754,47.472,46.46,42.99,131477.167,107012.833,1.078,123050.0,123050.0,132438.347,124662.518,False,False,False,False,True,False,False,75.0,2
088350.KS,한화생명,2904002498.0,Financial Services,Insurance - Life,https://www.hanwhalife.com/index.jsp,,4980.0,4812.6,3735.45,33.317,53.138,49.76,45.577,5148.413,4683.587,1.416,4920.0,4907.5,5345.0,4755.0,False,False,False,False,False,False,True,100.0,3
011790.KS,SKC,3663722618.0,Basic Materials,Specialty Chemicals,https://www.skc.co.kr,,144100.0,108764.073,107646.518,33.864,59.734,60.28,58.859,169918.672,84961.328,0.789,150750.0,136650.0,103870.59,98395.59,False,False,False,False,False,False,False,62.5,8
085620.KS,미래에셋생명,1283348686.0,Financial Services,Insurance - Life,https://life.miraeasset.com,,14140.0,16197.2,10547.075,34.066,33.248,35.644,33.248,18765.841,14509.159,0.502,15510.0,16430.0,16250.0,14605.0,False,False,False,False,True,False,False,,0
101490.KQ,에스앤에스텍,1274861511.0,,,,,89000.0,91204.0,66225.524,34.389,43.722,37.071,37.071,111379.047,85430.953,0.944,93800.0,92750.0,89100.0,83000.0,False,True,False,False,False,False,True,,0
NXPI,NXP Semiconductors,75339894684.0,Technology,Semiconductors,https://www.nxp.com,32169.0,298.41,225.044,221.65,34.631,68.967,67.711,67.711,333.664,196.551,0.743,296.065,252.815,219.858,198.874,False,False,False,False,False,False,False,100.0,12
CSCO,Cisco,402375604189.0,Technology,Communication Equipment,https://www.cisco.com,86200.0,101.87,84.282,75.519,34.893,78.942,76.066,64.09,100.519,82.559,1.976,96.505,91.445,80.37,79.004,False,False,True,False,False,False,False,,0
489790.KS,한화비전,2745739677.0,Industrials,Security & Protection Services,https://www.hanwhavision.com,,81000.0,79884.0,59945.75,35.122,49.796,48.771,47.528,89994.971,75585.029,1.076,83900.0,81350.0,82800.0,73950.0,False,False,False,False,False,False,True,,0
LYB,LyondellBasell,23802149161.0,Basic Materials,Specialty Chemicals,https://www.lyondellbasell.com,18970.0,73.74,73.229,54.509,35.28,51.658,52.95,47.278,77.805,67.361,0.624,74.33,72.095,74.393,65.099,False,False,False,False,False,False,True,6.7,15
APA,APA Corporation,13065213306.0,Energy,Oil & Gas E&P,https://www.apacorp.com,1791.0,36.97,37.898,27.328,35.284,46.031,46.417,40.852,41.93,34.4,0.676,38.63,37.649,40.092,35.085,False,False,False,False,False,False,True,75.0,4
007070.KS,GS리테일,1481943143.0,Consumer Cyclical,Department Stores,https://www.gsretail.com,,26400.0,21865.6,19512.552,35.298,70.107,66.882,48.427,26057.737,21627.263,2.206,24325.0,24125.0,20897.5,20642.341,False,False,True,False,False,False,False,0.0,1
476060.KQ,온코닉테라퓨틱스,681382836.0,Healthcare,Drug Manufacturers - Specialty & Generic,https://onconic.co.kr,,22350.0,21913.0,16514.675,35.334,53.798,50.607,42.279,24392.538,19772.462,2.618,22075.0,22365.0,22410.0,22200.0,False,False,False,False,False,False,True,,0
077970.KS,STX엔진,1326210672.0,Industrials,Specialty Industrial Machinery,https://www.stxengine.co.kr,,49200.0,40567.0,36338.0,35.395,50.143,53.592,50.143,70087.347,33347.653,0.331,57625.0,50100.0,32900.0,31950.0,False,False,False,False,False,False,False,,2
QCOM,Qualcomm,224681180000.0,Technology,Semiconductors,https://www.qualcomm.com,52000.0,213.17,146.463,157.293,35.524,69.4,68.625,68.625,235.047,105.515,0.938,206.345,186.76,140.201,129.356,False,False,False,False,False,False,False,54.5,11
060370.KQ,LS마린솔루션,1369611828.0,,,,,39050.0,33031.0,28792.75,35.624,52.314,55.302,52.314,50482.827,26327.173,0.377,43125.0,40050.0,30150.0,29825.0,False,False,False,False,False,False,False,100.0,3
018880.KS,한온시스템,3472736543.0,Consumer Cyclical,Auto Parts,https://www.hanonsystems.com,,5040.0,4183.7,3711.721,35.786,57.967,60.036,55.123,5497.094,3543.406,0.594,5002.5,4755.0,4400.0,4065.0,False,False,False,False,False,False,False,50.0,12
204320.KS,HL만도,1995666566.0,Consumer Cyclical,Auto Parts,https://hlmando.com,,63300.0,53107.447,46584.63,35.882,69.37,63.681,59.992,62908.275,49621.725,2.705,60250.0,55900.0,60431.919,52658.678,False,False,True,False,False,False,False,28.6,7
272210.KS,한화시스템,13901763797.0,Industrials,Aerospace & Defense,https://www.hanwhasystems.com,,109600.0,131208.892,80538.103,36.085,33.954,35.655,33.954,139075.687,108494.313,0.825,117050.0,123150.0,135932.433,134356.41,False,False,False,False,True,False,False,,0
329180.KS,HD현대중공업,51655394667.0,Industrials,Aerospace & Defense,https://www.hhi.co.kr,,733000.0,565610.0,537854.372,36.282,70.241,67.402,61.174,789071.089,464228.911,0.822,689000.0,597750.0,537810.212,503750.0,False,False,False,False,False,False,False,,0
365340.KQ,성일하이텍,557018563.0,Industrials,Electrical Equipment & Parts,https://www.sungeelht.com,,67600.0,65751.0,49548.5,36.432,40.698,45.542,40.698,87550.68,65679.32,0.68,76350.0,72350.0,58675.0,57750.0,False,False,False,False,False,False,False,66.7,3
TRGP,Targa Resources,49728803843.0,,,,,263.29,243.249,192.404,36.842,64.544,58.698,52.755,266.935,227.003,0.853,252.62,246.304,243.952,219.812,False,False,False,False,False,False,False,57.1,7
437730.KQ,삼현,1151709642.0,Industrials,Electrical Equipment & Parts,https://www.samhyun.co.kr,,54100.0,51463.0,39399.329,37.312,52.602,51.341,48.005,57947.279,48212.721,0.733,54850.0,52200.0,59600.0,50925.0,False,False,False,False,False,False,True,,0
HPE,Hewlett Packard Enterprise,42552210634.0,Technology,Communication Equipment,https://www.hpe.com,67000.0,32.07,25.429,23.316,37.543,71.348,64.638,64.638,31.957,25.946,1.798,30.44,28.195,23.903,23.069,False,False,True,False,False,False,False,100.0,4
005290.KQ,동진쎄미켐,1991792982.0,Basic Materials,Chemicals,https://www.dongjin.com,,57700.0,52322.0,41836.23,37.919,53.624,50.714,50.714,63225.903,52704.097,0.564,59200.0,54025.0,48800.0,48150.0,False,False,False,False,False,False,False,,0
HAL,Halliburton,34268015090.0,Energy,Oil & Gas Equipment & Services,https://www.halliburton.com,46000.0,41.02,38.194,29.732,37.968,56.686,60.656,48.608,43.283,36.916,0.51,40.645,38.985,38.325,36.767,False,False,False,False,False,False,False,0.0,5
GOOG,Alphabet Inc. (Class C),2177162240000.0,Communication Services,Internet Content & Information,https://abc.xyz,194668.0,399.04,327.048,289.021,38.066,75.07,69.766,69.766,414.643,313.893,0.965,387.595,354.7,310.719,289.56,False,False,False,False,False,False,False,100.0,4
CBOE,Cboe Global Markets,38408991509.0,Financial Services,Financial Data & Stock Exchanges,https://www.cboe.com,1661.0,366.7,302.78,265.404,38.167,78.137,74.959,53.088,368.449,275.367,0.898,341.14,326.14,288.032,280.41,False,False,False,False,False,False,False,,0
ASML,ASML Holding,609568870611.0,Technology,Semiconductor Equipment & Materials,https://www.asml.com,43882.0,1581.58,1408.711,1144.367,38.206,60.84,56.274,46.906,1593.128,1339.982,0.955,1484.695,1483.705,1394.619,1333.273,False,False,False,False,False,False,False,100.0,6
171090.KQ,선익시스템,607071898.0,Technology,Semiconductors,https://www.sunic.co.kr,,89500.0,100342.0,64660.75,38.415,42.503,43.791,42.503,119360.319,80439.681,0.403,97850.0,102200.0,99050.0,94975.0,False,False,False,False,True,False,False,50.0,4
MRNA,Moderna,20005963179.0,Healthcare,Biotechnology,https://www.modernatx.com,4700.0,50.42,51.605,36.394,38.54,49.868,57.293,34.681,57.417,43.736,0.895,51.58,51.58,52.127,48.102,False,False,False,False,False,False,True,55.6,9
071050.KS,한국금융지주,9409761510.0,Financial Services,Capital Markets,https://www.koreaholdings.com,,251500.0,238170.0,181263.967,38.748,49.578,48.724,47.453,280548.47,239301.53,0.794,268250.0,254000.0,231210.964,224375.0,False,False,False,False,False,False,False,,2
005940.KS,NH투자증권,8026851781.0,Financial Services,Capital Markets,https://www.nhqv.com,,33550.0,33091.85,24117.151,39.113,45.769,47.371,45.769,37803.193,33111.807,0.84,36150.0,34575.0,31604.58,31194.271,False,False,False,False,False,False,False,,0
GOOGL,Alphabet Inc. (Class A),2344724047796.0,Communication Services,Internet Content & Information,https://abc.xyz,194668.0,402.62,328.851,289.028,39.301,75.582,70.406,70.406,418.303,315.466,0.984,391.375,357.38,310.432,290.58,False,False,False,False,False,False,False,100.0,4
000880.KS,한화,6660622392.0,Industrials,Conglomerates,https://www.hanwhacorp.co.kr,,140700.0,124926.578,100991.573,39.319,62.765,65.323,56.08,144477.366,122762.634,1.116,141800.0,133600.0,124954.982,118370.585,False,False,False,False,False,False,False,,0
DOW,Dow Inc.,27950016447.0,Basic Materials,Chemicals,https://www.dow.com,34600.0,38.84,38.225,27.786,39.783,50.895,53.302,43.02,41.394,36.02,0.615,39.097,38.137,38.216,34.129,False,False,False,False,False,False,False,33.3,12
CMI,Cummins,98103317509.0,Industrials,Specialty Industrial Machinery,https://www.cummins.com,67400.0,709.57,600.139,505.691,40.317,67.823,66.89,62.138,720.373,606.206,0.742,685.91,649.54,562.98,541.94,False,False,False,False,False,False,False,100.0,5
028670.KS,팬오션,2196536513.0,Industrials,Marine Shipping,https://www.panocean.com,,6120.0,5367.1,4351.691,40.635,66.49,59.056,55.152,6072.343,5269.657,1.543,5835.0,5665.0,5300.0,5300.0,False,False,True,False,False,False,False,,2
MCHP,Microchip Technology,52333210143.0,Technology,Semiconductors,https://www.microchip.com,,96.71,76.177,68.479,41.225,66.782,69.264,66.782,106.735,75.11,1.067,98.91,87.72,71.086,65.358,False,False,False,False,False,False,False,100.0,8
056080.KQ,유진로봇,676237248.0,,,,,26850.0,26759.0,18964.5,41.58,52.032,54.966,46.338,28064.148,24270.852,0.79,27975.0,26750.0,36050.0,28212.5,False,False,False,False,True,False,False,,1
FTNT,Fortinet,86225389137.0,Technology,Software - Infrastructure,https://www.fortinet.com,15311.0,117.69,86.139,83.108,41.611,83.261,81.439,53.457,117.692,67.562,0.871,101.4,96.92,81.455,80.802,False,False,False,False,False,False,False,50.0,12
000270.KS,기아,47051290530.0,Consumer Cyclical,Auto Manufacturers,https://www.kia.com,,179500.0,156907.79,126554.818,41.836,67.095,59.975,46.161,173874.784,143835.216,1.815,166050.0,163050.0,171664.077,163837.882,False,False,True,False,False,True,False,,1
034020.KS,두산에너빌리티,51608906501.0,Industrials,Specialty Industrial Machinery,https://www.doosanenerbility.com,,120000.0,108072.0,84574.0,41.888,52.146,59.386,52.146,140400.463,101829.537,0.969,128350.0,116600.0,97250.0,95550.0,False,False,False,False,False,False,False,,0
STLD,Steel Dynamics,30297597804.0,,,,,237.08,197.918,166.991,41.972,68.79,65.948,65.948,249.38,202.843,0.956,234.815,213.69,184.743,179.281,False,False,False,False,False,False,False,,0
NUE,Nucor,52912099527.0,Basic Materials,Steel,https://www.nucor.com,33000.0,232.34,190.196,163.349,42.236,73.5,71.914,71.914,243.95,195.434,0.805,229.12,206.59,175.422,168.039,False,False,False,False,False,False,False,60.0,5
014680.KS,한솔케미칼,2565015590.0,Basic Materials,Chemicals,https://www.hansolchemical.com,,336000.0,283245.407,235239.967,42.833,69.352,57.635,46.569,316472.77,264627.23,2.182,301750.0,295500.0,291541.849,283077.738,False,False,True,False,False,True,False,,1
KLAC,KLA Corporation,241623031869.0,Technology,Semiconductor Equipment & Materials,https://www.kla.com,15000.0,1849.71,1637.314,1294.185,42.925,58.47,55.661,50.125,1917.38,1690.866,0.89,1787.14,1787.345,1487.262,1463.483,False,False,False,False,False,False,False,100.0,3
GNRC,Generac,15732654997.0,Industrials,Specialty Industrial Machinery,https://www.generac.com,9400.0,267.25,218.798,186.258,43.484,73.464,76.368,73.464,291.396,193.114,0.601,263.08,236.55,202.522,201.245,False,False,False,False,False,False,False,100.0,4
267250.KS,HD현대,15831287261.0,Energy,Oil & Gas Refining & Marketing,https://www.hd-hyundai.com,,298500.0,267260.0,207650.082,43.751,60.446,55.604,55.604,315643.52,243406.48,1.596,301000.0,284000.0,269000.0,264625.0,False,False,True,False,False,False,False,100.0,3
VTRS,Viatris,17314938917.0,,,,,17.37,14.374,12.057,44.069,77.491,76.264,63.758,17.612,13.33,1.036,16.155,15.45,14.57,13.784,False,False,False,False,False,False,False,80.0,5
000155.KS,두산우,1835331880.0,Industrials,Conglomerates,https://www.doosan.com,,684000.0,547039.112,474600.06,44.121,64.95,68.198,64.95,748384.962,498273.063,0.92,670583.327,590195.134,519838.091,497064.218,False,False,False,False,False,False,False,,0
011210.KS,현대위아,1780237000.0,Consumer Cyclical,Auto Parts,https://www.hyundai-wia.com,,97500.0,83036.342,67498.374,44.448,68.995,64.826,48.27,94108.174,76971.826,2.419,90900.0,87550.0,92573.738,85682.686,False,False,True,False,False,True,False,,0
048410.KQ,현대바이오,789839617.0,Healthcare,Biotechnology,https://www.hyundaibioscience.com,,12190.0,14251.8,8417.025,44.826,41.053,45.818,40.335,15460.915,12273.085,0.724,13390.0,14265.0,14900.0,13385.0,False,False,False,False,True,False,False,23.1,13
005490.KS,POSCO홀딩스,25457608109.0,Basic Materials,Steel,https://www.posco-inc.com,,478500.0,385180.0,330140.017,44.939,61.687,61.855,61.687,553106.958,336093.042,1.004,498750.0,442500.0,372750.0,358625.0,False,False,False,False,False,False,False,85.7,7
CASY,Casey's,32832923891.0,Consumer Cyclical,Specialty Retail,https://www.caseys.com,23338.0,888.36,749.408,610.922,45.413,76.146,72.673,72.673,905.406,729.932,1.073,855.495,809.337,707.422,678.719,False,False,False,False,False,False,False,,0
SATS,EchoStar,21283525798.0,,,,,133.23,119.775,91.514,45.585,60.852,57.232,44.594,135.558,114.686,1.617,127.005,126.895,118.457,118.035,False,False,True,True,False,False,False,100.0,5
086280.KS,현대글로비스,14300868795.0,Industrials,Integrated Freight & Logistics,https://www.glovis.net,,284000.0,226802.244,194967.405,45.665,73.299,67.987,46.173,266965.357,203134.643,2.738,254250.0,247000.0,246292.012,230936.611,False,False,True,False,False,True,False,,0
GEV,GE Vernova,285533805087.0,Industrials,Specialty Industrial Machinery,https://www.gevernova.com,78000.0,1062.57,956.723,726.925,46.173,54.925,56.608,52.379,1168.606,970.298,0.527,1078.29,1056.25,870.073,796.625,False,False,False,False,False,False,False,,0
005440.KS,현대지에프홀딩스,1540808711.0,Consumer Defensive,Food Distribution,https://www.ehyundai.com/newPortal/group/CO/CO000001.do#stit_10?hyd=b,,14720.0,14315.44,10065.095,46.248,52.486,47.957,47.957,15605.911,13675.089,0.745,14665.0,14645.0,14747.226,13773.26,False,False,False,False,False,False,True,,0
066970.KS,엘앤에프,4590362224.0,,,,,169000.0,158258.0,115284.5,46.594,42.638,45.301,42.638,220842.881,162977.119,0.704,195250.0,195250.0,138000.0,131900.0,False,False,False,False,False,False,False,0.0,4
JBL,Jabil,37498796937.0,Technology,Electronic Components,https://www.jabil.com,135000.0,355.43,297.394,242.108,46.806,61.672,60.101,60.101,368.984,313.456,0.574,353.76,327.04,261.92,255.489,False,False,False,False,False,False,False,,1
DVA,DaVita,13242786900.0,Healthcare,Medical Care Facilities,https://www.davita.com,78000.0,198.1,156.872,134.59,47.187,80.218,84.043,51.881,207.979,123.116,0.616,175.345,172.88,151.53,131.74,False,False,False,False,False,False,False,38.1,21
DDOG,Datadog,67440919463.0,Technology,Software - Application,https://www.datadoghq.com,8100.0,205.31,132.668,139.393,47.288,84.792,83.743,59.566,208.415,91.794,0.655,170.405,153.112,120.7,119.484,False,False,False,False,False,False,False,53.8,13
397030.KQ,에이프릴바이오,1017090238.0,Healthcare,Biotechnology,https://www.aprilbio.com,,64700.0,60452.0,43790.8,47.748,53.854,67.343,46.926,69765.449,53964.551,1.437,65650.0,62675.0,60250.0,59525.0,False,False,False,False,False,True,False,100.0,3
074600.KQ,원익QnC,660103396.0,Technology,Semiconductor Equipment & Materials,https://www.wonikqnc.com,,37400.0,34330.0,25242.058,48.165,54.239,53.898,49.526,40793.122,33961.878,0.741,38525.0,36125.0,31950.0,29700.0,False,False,False,False,False,False,False,20.0,5
CAT,Caterpillar Inc.,419828759664.0,Industrials,Farm & Heavy Construction Machinery,https://www.caterpillar.com,118000.0,902.3,773.847,608.213,48.353,63.766,66.566,63.766,954.536,756.988,0.767,900.47,841.509,704.449,703.196,False,False,False,False,False,False,False,100.0,4
084370.KQ,유진테크,2055553982.0,,,,,133600.0,129877.53,89389.387,49.458,49.64,49.262,49.262,148930.046,122689.954,1.132,139350.0,137300.0,125676.453,113507.573,False,False,False,False,False,False,False,0.0,3
ALB,Albemarle Corporation,23688191074.0,Basic Materials,Specialty Chemicals,https://www.albemarle.com,7800.0,200.94,182.061,134.328,49.589,55.551,59.036,52.205,211.263,183.401,0.801,204.165,195.925,180.09,174.725,False,False,False,False,False,False,False,25.0,4
457190.KS,이수스페셜티케미컬,2160780618.0,,,,,106500.0,102884.0,71139.0,49.707,45.415,42.241,42.241,134121.824,97718.176,0.495,114200.0,112200.0,97225.0,92100.0,False,False,False,False,False,False,False,,0
357780.KQ,솔브레인,2485932387.0,Basic Materials,Chemicals,https://www.soulbrain.co.kr,,476000.0,431594.331,317728.444,49.813,57.145,44.766,44.766,497183.121,413516.879,1.4,455750.0,428250.0,417830.206,404336.192,False,False,False,False,False,False,False,14.3,7
278470.KS,에이피알,10104697339.0,Consumer Defensive,Household & Personal Products,https://www.apr-in.com,,402000.0,368179.081,268322.678,49.82,49.149,52.967,49.149,462053.14,388196.86,0.975,432750.0,394500.0,325288.982,303600.911,False,False,False,False,False,False,False,,0
ADI,Analog Devices,211094595445.0,Technology,Semiconductors,https://www.analog.com,24500.0,432.39,352.921,287.205,50.551,73.745,69.972,67.174,435.341,359.537,0.98,413.795,388.515,330.944,321.06,False,False,False,False,False,False,False,100.0,3
006360.KS,GS건설,1907659000.0,Industrials,Engineering & Construction,https://www.gsenc.com,,33200.0,31288.6,22032.588,50.686,44.125,45.657,44.125,44399.237,33260.763,0.264,37550.0,36200.0,27207.5,25819.812,False,False,False,False,False,False,False,100.0,4
099320.KQ,쎄트렉아이,1173493017.0,,,,,159600.0,176530.0,105102.525,51.852,43.16,44.861,43.16,190065.997,159364.003,0.997,174000.0,172300.0,179200.0,170300.0,False,False,False,False,True,False,False,,0
323280.KQ,태성,1451631497.0,Industrials,Specialty Industrial Machinery,https://www.taesung2000.com,,70800.0,66888.0,46598.25,51.937,49.975,49.174,49.174,92589.998,51610.002,0.639,76250.0,72350.0,62375.0,62150.0,False,False,False,False,False,False,False,66.7,6
222080.KQ,씨아이에스,753560096.0,Industrials,Specialty Industrial Machinery,https://www.cisro.co.kr,,14430.0,13826.6,9478.05,52.247,46.006,49.964,46.006,19594.993,11563.007,0.262,16735.0,15735.0,12835.0,11160.0,False,False,False,False,False,False,False,0.0,7
483650.KS,달바글로벌,2089132528.0,,,,,250500.0,179467.648,164341.291,52.427,71.995,70.999,56.991,257065.577,179124.423,1.356,238250.0,209700.0,157732.346,153451.185,False,False,False,False,False,False,False,,0
016360.KS,삼성증권,7668401123.0,Financial Services,Capital Markets,https://www.samsungpop.com,2484.0,127900.0,106162.0,83373.02,53.407,58.325,58.418,53.253,147004.174,92645.826,0.887,135100.0,128200.0,99850.0,97275.0,False,False,False,False,False,False,False,,0
298020.KS,효성티앤씨,1303168601.0,Consumer Cyclical,Textile Manufacturing,https://www.hyosungtnc.com,,448500.0,429330.0,291975.367,53.609,41.804,44.726,41.804,554852.373,454747.627,0.742,496750.0,472000.0,377625.0,354500.0,False,False,False,False,False,False,False,55.6,9
005850.KS,에스엘,2142453656.0,Consumer Cyclical,Auto Parts,https://www.slworld.com,,68700.0,61252.88,44688.363,53.731,60.601,54.298,53.294,69480.474,57509.526,1.612,66800.0,62250.0,61039.083,59553.771,False,False,True,False,False,False,False,,1
079550.KS,LIG디펜스앤에어로스페이스,12894952398.0,Industrials,Aerospace & Defense,https://www.ligdefenseaerospace.com,,873000.0,819986.376,566689.055,54.053,49.193,49.832,45.865,1021285.625,826514.375,0.62,910000.0,956000.0,721475.766,646644.184,False,False,False,False,False,False,False,,0
036540.KQ,SFA반도체,888873145.0,Technology,Semiconductors,https://www.sfasemicon.com,,8050.0,7339.2,5225.35,54.057,51.402,50.719,50.719,9739.057,6594.943,0.317,8450.0,8305.0,6930.0,6845.0,False,False,False,False,False,False,False,0.0,4
ARM,Arm Holdings,234924703448.0,Technology,Semiconductors,https://www.arm.com,8330.0,221.21,163.952,143.476,54.179,61.794,57.277,57.277,242.882,164.23,0.743,218.925,192.25,145.16,133.355,False,False,False,False,False,False,False,76.9,13
039030.KQ,이오테크닉스,3966123877.0,Technology,Semiconductor Equipment & Materials,https://www.eotechnics.com,,479500.0,442930.0,310925.429,54.217,52.629,42.333,42.333,520419.159,442530.841,1.415,470750.0,456250.0,416375.0,374750.0,False,True,False,False,False,False,False,,1
403870.KQ,HPSP,3055679392.0,Industrials,Specialty Industrial Machinery,https://www.thehpsp.com,,55300.0,47171.0,35852.995,54.241,59.939,52.854,52.854,59942.129,41522.871,0.603,54750.0,49950.0,45875.0,43050.0,False,False,False,False,False,False,False,0.0,4
058470.KQ,리노공업,5746257439.0,Technology,Semiconductor Equipment & Materials,https://leeno.com,,112300.0,112550.0,72682.181,54.508,48.966,44.837,44.837,124158.426,106881.574,0.642,115100.0,117000.0,107050.0,95500.0,False,False,False,False,False,False,False,,1
001430.KS,세아베스틸지주,1743240601.0,Basic Materials,Steel,https://www.seahbesteel.co.kr,,72400.0,67954.267,46844.089,54.555,52.856,45.082,45.082,75861.022,66958.978,1.317,71650.0,69700.0,72676.825,65839.62,False,False,False,False,False,False,True,100.0,3
CNC,Centene Corporation,28921140313.0,Healthcare,Healthcare Plans,https://www.centene.com,61100.0,58.81,41.28,37.859,55.339,83.488,86.049,80.911,64.109,33.674,0.858,55.87,48.08,39.08,36.36,False,False,False,False,False,False,False,27.3,11
267270.KS,HD건설기계,5778461931.0,Industrials,Farm & Heavy Construction Machinery,https://www.hd-ce.com,,179400.0,153866.0,114690.399,56.421,54.934,54.575,54.575,205385.741,155994.259,0.637,184800.0,181100.0,133700.0,126848.062,False,False,False,False,False,False,False,,0
AMAT,Applied Materials,346498004031.0,Technology,Semiconductor Equipment & Materials,https://www.appliedmaterials.com,35500.0,436.61,377.348,278.305,56.882,62.539,61.122,52.823,444.335,369.433,0.907,417.05,412.76,348.255,341.541,False,False,False,False,False,False,False,100.0,4
MPWR,Monolithic Power Systems,81081695500.0,Technology,Semiconductors,https://www.monolithicpower.com,4501.0,1650.35,1307.462,1048.478,57.404,63.572,60.248,60.248,1698.291,1437.125,0.959,1598.21,1463.7,1119.871,1092.378,False,False,False,False,False,False,False,100.0,5
TXN,Texas Instruments,212775291205.0,,,,,306.34,226.092,194.337,57.634,79.938,76.74,75.638,319.039,219.752,0.824,292.231,257.219,207.058,194.437,False,False,False,False,False,False,False,100.0,11
267260.KS,HD현대일렉트릭,30978725141.0,Industrials,Electrical Equipment & Parts,https://www.hd-hyundaielectric.com,,1280000.0,1047788.448,803331.521,59.336,59.199,62.622,59.199,1468638.853,970578.135,0.751,1331817.54,1155396.139,958116.953,944597.556,False,False,False,False,False,False,False,100.0,2
127120.KQ,제이에스링크,937800441.0,Healthcare,Biotechnology,https://jslink.co.kr,,40400.0,40557.0,25332.35,59.48,47.068,46.68,46.68,48279.834,38060.166,1.031,42675.0,43950.0,37887.5,31350.0,False,False,False,False,False,False,False,,0
PWR,Quanta Services,116104538484.0,Industrials,Engineering & Construction,https://www.quantaservices.com,69500.0,773.72,615.126,482.307,60.421,71.969,70.947,70.947,835.514,541.471,0.938,752.975,677.94,552.459,517.348,False,False,False,False,False,False,False,,0
059090.KQ,미코,556415312.0,Technology,Semiconductor Equipment & Materials,https://www.mico.kr,,24800.0,17218.8,15424.4,60.784,62.211,56.444,56.444,27860.208,16464.792,0.689,24850.0,21040.0,15600.0,14212.5,False,False,False,False,False,False,False,,0
KEYS,Keysight Technologies,61944986169.0,Technology,Scientific & Technical Instruments,https://www.keysight.com,16600.0,361.19,315.546,223.943,61.286,64.918,65.307,64.652,371.002,325.042,1.036,356.757,340.932,287.478,264.485,False,False,False,False,False,False,False,100.0,4
417200.KQ,LS머트리얼즈,1074233853.0,Industrials,Electrical Equipment & Parts,https://www.lsmaterials.co.kr,,23650.0,22104.98,14637.0,61.577,46.356,49.157,46.356,31693.364,19776.636,0.383,27987.5,25762.5,20481.475,19777.217,False,False,False,False,False,False,False,100.0,5
090710.KQ,휴림로봇,1023400944.0,,,,,12760.0,12229.2,7861.925,62.301,54.449,56.479,48.748,13610.982,10723.018,0.678,12710.0,12235.0,17775.0,12810.0,False,False,False,False,True,False,False,,0
375500.KS,DL이앤씨,2161451729.0,Industrials,Engineering & Construction,https://www.dlenc.co.kr,,83200.0,76155.06,51145.325,62.674,43.47,46.004,43.47,106283.944,86486.056,0.383,91500.0,90350.0,64272.282,60375.227,False,False,False,False,False,False,False,,0
LRCX,Lam Research,369468696240.0,Technology,Semiconductor Equipment & Materials,https://www.lamresearch.com,20600.0,295.44,244.944,181.471,62.803,64.513,62.314,54.138,302.41,238.475,0.733,275.06,270.745,225.226,217.788,False,False,False,False,False,False,False,100.0,5
017670.KS,SK텔레콤,15257474458.0,Communication Services,Telecom Services,https://www.sktelecom.com,,105800.0,86966.0,64920.071,62.97,69.538,67.03,52.018,103887.817,91752.183,1.213,99700.0,93750.0,77075.0,71750.0,False,False,False,False,False,False,False,,0
078600.KQ,대주전자재료,1486124063.0,,,,,142500.0,129450.0,87372.5,63.095,49.727,52.892,49.727,179690.938,118289.062,0.607,155350.0,147400.0,116100.0,98750.0,False,False,False,False,False,False,False,56.2,16
082740.KS,한화엔진,4414896261.0,Industrials,Specialty Industrial Machinery,https://www.hanwha-engine.com,756.0,78800.0,57237.0,48171.5,63.582,61.162,60.043,60.043,101012.773,43857.227,0.415,81550.0,68925.0,51100.0,48762.5,False,False,False,False,False,False,False,,0
120110.KS,코오롱인더,1723070015.0,Basic Materials,Chemicals,https://www.kolonindustries.com,,85700.0,80668.598,51922.769,65.053,47.087,48.023,47.087,99454.902,82135.098,0.834,91500.0,90350.0,73342.35,63072.739,False,False,False,False,False,False,False,100.0,4
TER,Teradyne,58742662980.0,,,,,363.38,335.429,220.002,65.172,52.105,50.899,46.693,417.311,318.93,0.659,359.825,361.985,297.33,284.493,False,False,False,False,False,False,False,75.0,4
108490.KQ,로보티즈,3498390954.0,Technology,Computer Hardware,https://www.robotis.com,,355500.0,271700.0,215005.0,65.345,62.346,60.533,55.212,374934.705,237115.295,0.935,347250.0,311250.0,282500.0,253375.0,False,False,False,False,False,False,False,,0
166090.KQ,하나머티리얼즈,1049023275.0,Technology,Semiconductor Equipment & Materials,https://www.hanamts.com,,79000.0,66320.0,47646.75,65.804,61.964,59.826,59.826,83483.514,66386.486,0.888,78050.0,68750.0,61100.0,60450.0,False,False,False,False,False,False,False,,2
007340.KS,DN오토모티브,1846363454.0,Consumer Cyclical,Auto Parts,https://www.dnautomotive.com,,47000.0,38009.0,28298.85,66.084,59.184,58.562,58.382,53619.675,33530.325,0.552,47350.0,43900.0,35762.5,32381.628,False,False,False,False,False,False,False,,0
124500.KQ,아이티센글로벌,853760578.0,Technology,Information Technology Services,https://itcenglobal.com,,54800.0,54783.0,32962.65,66.249,51.659,51.34,51.34,62009.116,45050.884,0.529,57900.0,53175.0,56100.0,53000.0,False,False,False,False,False,False,True,,0
000720.KS,현대건설,12014657676.0,Industrials,Engineering & Construction,https://www.hdec.kr,,160700.0,161825.718,96647.906,66.274,46.845,42.719,42.719,182733.348,155726.652,0.766,162850.0,174250.0,150756.826,136430.054,False,True,False,False,False,False,False,,0
067310.KQ,하나마이크론,1952310220.0,,,,,43750.0,34907.0,26104.25,67.597,65.259,60.136,60.136,45901.281,33243.719,0.717,42700.0,37250.0,32512.5,32250.0,False,False,False,False,False,False,False,,0
DELL,Dell Technologies,77637998382.0,Technology,Computer Hardware,https://www.dell.com,97000.0,243.87,186.228,145.191,67.964,65.48,63.868,63.868,254.359,183.772,0.648,234.845,220.222,165.899,148.336,False,False,False,False,False,False,False,100.0,8
348340.KQ,뉴로메카,632458209.0,Industrials,Specialty Industrial Machinery,https://www.neuromeka.com,,76200.0,66250.0,45347.0,68.038,62.74,62.251,45.32,74090.822,60589.178,1.388,71450.0,68750.0,94425.0,67700.0,False,False,False,False,False,False,True,100.0,4
240810.KQ,원익IPS,4323701717.0,Technology,Semiconductor Equipment & Materials,https://www.ips.co.kr,,131200.0,121916.0,77282.298,69.767,55.631,51.337,47.983,136883.572,110816.428,0.85,134250.0,131300.0,124150.0,107450.0,False,False,False,False,False,False,False,33.3,6
028050.KS,삼성E&A,6974526997.0,Industrials,Engineering & Construction,https://www.samsungena.com,,53000.0,43665.0,31096.383,70.438,52.415,55.483,52.415,61699.95,46085.05,0.576,59450.0,54925.0,36425.0,33400.0,False,False,False,False,False,False,False,,0
950160.KQ,코오롱티슈진,6986334909.0,,,,,122800.0,105438.0,71943.25,70.69,58.548,73.984,49.188,132591.68,86448.32,1.635,124600.0,119300.0,110500.0,100050.0,False,False,False,False,False,False,False,,0
032830.KS,삼성생명,41089820198.0,Financial Services,Insurance - Life,https://www.samsunglife.com,,306000.0,239440.0,176103.445,73.762,74.286,72.409,56.206,310822.429,223077.571,0.748,281500.0,268500.0,219875.0,209400.0,False,False,False,False,False,False,False,100.0,4
033100.KQ,제룡전기,795884159.0,Industrials,Specialty Industrial Machinery,https://www.cheryongelec.com/eng,,73800.0,54865.0,42328.683,74.35,59.498,64.504,59.498,95378.054,35981.946,0.632,76900.0,69000.0,53950.0,48412.5,False,False,False,False,False,False,False,33.3,6
028260.KS,삼성물산,46655347960.0,Industrials,Engineering & Construction,https://www.samsungcnt.com,,428500.0,305270.0,244946.164,74.936,73.031,75.509,50.046,448215.22,233234.78,1.339,388000.0,372750.0,304750.0,287250.0,False,False,False,False,False,False,False,100.0,3
052020.KQ,에스티큐브,796946638.0,,,,,17460.0,16251.4,9907.25,76.235,48.581,60.513,48.581,21973.215,14465.785,1.67,19750.0,18535.0,15750.0,13575.0,False,False,False,False,False,False,False,,1
295310.KQ,에이치브이엠,775214470.0,Basic Materials,Other Industrial Metals & Mining,https://www.hvm.co.kr,,96000.0,90576.0,54023.25,77.701,54.113,55.952,44.238,101589.255,81020.745,0.881,97800.0,94950.0,91575.0,90450.0,False,False,False,True,False,True,False,,0
AKAM,Akamai Technologies,23723521955.0,Technology,Software - Infrastructure,https://www.akamai.com,11000.0,161.14,109.555,90.55,77.957,79.494,76.017,52.698,155.906,68.971,1.806,133.565,126.975,111.575,106.0,False,False,True,False,False,False,False,36.4,11
058610.KQ,에스피지,1969937780.0,,,,,132300.0,120046.0,74330.068,77.99,56.799,59.5,53.929,142935.019,105694.981,0.886,137900.0,126850.0,127800.0,119775.0,False,False,False,False,False,False,False,80.0,5
012330.KS,현대모비스,39535823587.0,Consumer Cyclical,Auto Parts,https://www.mobis.co.kr,,649000.0,426023.14,361920.396,79.321,82.785,74.381,51.011,576577.073,340522.927,3.353,551000.0,530250.0,448412.794,421831.397,False,False,True,False,False,False,False,,0
098460.KQ,고영,1956731043.0,Technology,Semiconductor Equipment & Materials,https://www.kohyoung.com,,42450.0,31783.488,23671.759,79.328,65.611,63.793,61.729,47488.78,26911.22,0.52,41875.0,35350.0,30778.267,27855.941,False,False,False,False,False,False,False,,0
050890.KQ,쏠리드,679188067.0,,,,,16650.0,14562.829,9141.091,82.145,50.959,55.613,50.959,18925.806,15476.194,0.283,18380.0,17420.0,13566.299,12187.598,False,False,False,False,False,False,False,,0
277810.KQ,레인보우로보틱스,11436045792.0,Industrials,Specialty Industrial Machinery,https://www.rainbow-robotics.com,,878000.0,664080.0,478030.0,83.67,80.252,78.772,59.667,861286.202,498013.798,1.379,817000.0,759000.0,707750.0,647750.0,False,False,False,False,False,False,False,,0
FIX,Comfort Systems USA,71623907943.0,Industrials,Engineering & Construction,https://comfortsystemsusa.com,22700.0,2034.63,1593.857,1105.871,83.984,71.842,70.959,68.593,2107.623,1555.263,0.648,1933.715,1775.66,1367.79,1287.011,False,False,False,False,False,False,False,,2
VRT,Vertiv,120292783066.0,,,,,369.99,291.711,200.749,84.305,70.576,69.888,62.961,373.742,284.762,0.756,349.6,325.565,256.875,227.179,False,False,False,False,False,False,False,100.0,4
183300.KQ,코미코,1313362187.0,Technology,Semiconductor Equipment & Materials,https://www.komico.com,,187000.0,126603.446,101179.425,84.82,78.389,55.918,55.918,169877.252,127522.748,3.665,163500.0,147350.0,109307.676,108810.233,False,False,True,False,False,False,False,,0
032500.KQ,케이엠더블유,948146468.0,Technology,Communication Equipment,https://www.kmw.co.kr,,33500.0,28002.2,18119.1,84.888,59.024,62.709,50.389,35205.041,27419.959,0.609,33025.0,30650.0,26950.0,23950.0,False,False,False,False,False,False,False,100.0,1
094170.KQ,동운아나텍,675274887.0,Technology,Semiconductors,https://www.dwanatech.com,,48100.0,35018.0,25880.752,85.852,59.741,64.635,59.741,57122.694,33582.306,0.572,50075.0,41500.0,29825.0,28825.0,False,False,False,False,False,False,False,100.0,3
356860.KQ,티엘비,708357078.0,Technology,Semiconductors,https://www.tlbpcb.com,,107300.0,75333.0,57683.431,86.015,72.441,64.937,60.332,104854.607,70665.393,1.083,94200.0,86650.0,68112.5,64425.0,False,False,False,False,False,False,False,,0
064760.KQ,티씨케이,2514471647.0,,,,,335000.0,258770.0,178908.942,87.246,68.159,60.769,58.397,331929.902,265620.098,1.059,313500.0,272250.0,228875.0,212000.0,False,False,False,False,False,False,False,,0
020150.KS,롯데에너지머티리얼즈,2376700527.0,Industrials,Electrical Equipment & Parts,https://www.lotteenergymaterials.com,,67600.0,49977.0,36085.5,87.333,57.745,64.672,57.745,84311.066,44043.934,0.641,74000.0,62300.0,41325.0,40637.5,False,False,False,False,False,False,False,50.0,6
000150.KS,두산,18287676055.0,Industrials,Conglomerates,https://www.doosan.com,,1682000.0,1295064.994,892512.834,88.457,65.828,65.49,65.49,1864109.698,1243078.14,0.709,1717500.926,1462649.171,1124696.624,1039145.333,False,False,False,False,False,False,False,,0
004170.KS,신세계,3059781548.0,Consumer Cyclical,Department Stores,https://www.shinsegae.com,,482500.0,356926.035,254889.303,89.298,81.494,74.482,69.886,467711.857,337238.143,2.585,454000.0,406250.0,326630.997,326449.405,False,False,True,False,False,False,False,,0
347700.KQ,스피어,1429276524.0,Healthcare,Health Information Services,https://spherecorp.kr,,42500.0,44994.0,22438.95,89.403,48.796,49.99,42.064,47591.342,38933.658,0.539,43950.0,43575.0,46975.0,36815.0,False,False,False,True,False,False,True,100.0,3
095340.KQ,ISC,3472547805.0,,,,,244000.0,230298.0,127701.71,91.07,52.595,54.927,52.595,258036.849,219413.151,0.614,238750.0,251750.0,230225.0,181750.0,False,False,False,False,False,False,False,66.7,3
006400.KS,삼성SDI,34302766191.0,Industrials,Electrical Equipment & Parts,https://www.samsungsdi.com,,634000.0,498750.0,331668.0,91.155,57.798,56.967,56.967,785412.709,463587.291,0.797,661500.0,580500.0,414250.0,379750.0,False,False,False,False,False,False,False,0.0,3
032820.KQ,우리기술,2083822263.0,,,,,18140.0,21983.4,9440.75,92.146,35.602,42.569,35.602,24329.192,18929.808,0.789,20360.0,21685.0,22930.0,17107.5,False,False,False,False,False,False,True,100.0,5
ON,ON Semiconductor,45347118231.0,Technology,Semiconductors,https://www.onsemi.com,22600.0,115.71,76.504,60.009,92.82,76.528,68.731,68.731,115.316,80.281,1.5,106.035,91.185,64.375,60.28,False,False,True,False,False,False,False,100.0,4
023530.KS,롯데쇼핑,3040800899.0,Consumer Cyclical,Department Stores,https://www.lotteshoppingir.com,,160100.0,113236.539,82948.261,93.012,80.069,76.64,64.198,156868.65,103551.35,1.517,147900.0,131950.0,103475.437,94528.322,False,False,True,False,False,False,False,,0
MRVL,Marvell Technology,155609844698.0,Technology,Semiconductors,https://www.marvell.com,7480.0,177.95,124.053,92.138,93.134,69.361,62.763,62.763,181.779,138.771,1.221,170.135,146.352,96.359,91.244,False,False,False,False,False,False,False,85.7,7
005935.KS,삼성전자우,101870791642.0,Technology,Consumer Electronics,https://www.samsung.com,,189100.0,144405.177,96481.069,95.997,68.821,67.961,62.943,198310.63,129639.37,1.25,176550.0,162200.0,128504.214,126077.56,False,False,False,False,False,False,False,,0
GLW,Corning Inc.,177730317241.0,Technology,Electronic Components,https://www.corning.com,67200.0,206.51,154.559,105.239,96.229,69.799,66.952,50.636,204.502,141.099,0.999,184.745,179.98,139.347,126.319,False,False,False,False,False,False,False,100.0,3
066570.KS,LG전자,20931942952.0,Technology,Consumer Electronics,https://www.lge.co.kr,,191400.0,124315.499,97450.794,96.407,82.449,80.99,63.677,179300.556,102129.444,2.012,164800.0,150000.0,122165.754,118589.239,False,False,False,False,False,False,False,0.0,3
006800.KS,미래에셋증권,27388127964.0,Financial Services,Capital Markets,https://securities.miraeasset.com,,72900.0,67912.035,37038.011,96.825,52.893,54.869,46.168,81535.85,61894.15,0.608,76250.0,74450.0,65288.965,52559.023,False,False,False,False,False,False,False,,0
034730.KS,SK,26773164487.0,Industrials,Conglomerates,https://sk-inc.com,,550000.0,376635.165,279008.735,97.126,78.049,77.076,71.325,587827.087,295872.913,1.32,504250.0,453500.0,347154.092,340216.494,False,False,False,False,False,False,False,100.0,2
004800.KS,효성,2804267128.0,Industrials,Conglomerates,https://www.hyosung.com,,249500.0,166830.0,126349.233,97.469,69.507,69.786,69.507,292539.737,118030.263,0.541,266500.0,227350.0,152250.0,146175.0,False,False,False,False,False,False,False,,0
298040.KS,효성중공업,26275414561.0,Industrials,Electrical Equipment & Parts,https://www.hyosungheavyindustries.com/kr,,4197000.0,3070560.0,2099163.495,99.937,67.538,67.538,67.538,4902670.649,2522829.351,0.679,4318000.0,3664500.0,2692500.0,2588000.0,False,False,False,False,False,False,False,,0
005380.KS,현대차,97607131541.0,Consumer Cyclical,Auto Manufacturers,https://www.hyundai.com/worldwide/en/,,710000.0,525820.0,355038.493,99.978,78.467,72.264,53.249,664569.738,452680.262,2.282,620500.0,587500.0,546608.395,523750.0,False,False,True,False,False,False,False,50.0,4
AMD,Advanced Micro Devices,726315926044.0,Technology,Semiconductors,https://www.amd.com,31000.0,445.5,269.767,221.605,101.034,76.196,77.233,69.88,478.513,233.196,0.594,403.96,348.155,227.59,208.427,False,False,False,False,False,False,False,100.0,4
038500.KQ,삼표시멘트,1127403769.0,Basic Materials,Building Materials,https://www.sampyocement.co.kr,,15560.0,16078.2,7696.384,102.173,49.222,36.08,36.08,17552.631,14237.369,7.074,15375.0,16500.0,17022.5,14027.5,False,True,True,False,False,False,True,,0
089970.KQ,브이엠,966317701.0,Technology,Semiconductor Equipment & Materials,https://www.iaptc.com,,58100.0,47474.0,28527.85,103.661,60.898,65.838,58.663,61565.069,49009.931,0.77,57900.0,50925.0,43225.0,37425.0,False,False,False,False,False,False,False,,0
080220.KQ,제주반도체,1362062322.0,,,,,58900.0,45317.0,28723.7,105.057,65.435,60.538,60.538,63057.857,39122.143,0.835,57100.0,49900.0,42300.0,41475.0,False,False,False,False,False,False,False,,2
126340.KQ,비나텍,797125293.0,,,,,166200.0,136044.0,80418.947,106.668,56.916,60.761,56.916,204604.499,104385.501,0.768,177050.0,148000.0,126225.0,121000.0,False,False,False,False,False,False,False,100.0,3
062040.KS,산일전기,6218054427.0,Industrials,Electrical Equipment & Parts,https://www.sanil.co.kr,,302500.0,187782.0,146156.0,106.971,68.855,72.926,68.855,359547.084,140752.916,0.456,279000.0,237000.0,155250.0,153050.0,False,False,False,False,False,False,False,,0
178320.KQ,서진시스템,2638852349.0,Technology,Communication Equipment,https://www.seojinsystem.net,,66000.0,49930.0,31775.05,107.71,65.586,72.215,56.103,70682.167,43542.833,0.484,61350.0,56875.0,45400.0,39750.0,False,False,False,False,False,False,False,100.0,8
031980.KQ,피에스케이홀딩스,1951505181.0,,,,,134800.0,110622.0,63840.357,111.152,61.181,53.718,53.718,137775.529,104944.471,1.098,127400.0,114350.0,103725.0,90100.0,False,False,False,False,False,False,False,,1
COHR,Coherent Corp.,75688298471.0,Technology,Scientific & Technical Instruments,https://www.coherent.com,30216.0,403.71,292.882,188.601,114.055,71.2,66.0,53.118,386.731,292.304,1.01,360.585,339.36,252.525,237.72,False,False,False,False,False,False,False,100.0,3
053610.KQ,프로텍,660995555.0,Technology,Semiconductor Equipment & Materials,https://www.protec21.co.kr,,89500.0,63678.0,41626.946,115.005,80.337,77.996,73.382,93120.278,60379.722,0.906,84750.0,72300.0,55987.5,49300.0,False,False,False,False,False,False,False,,1
005930.KS,삼성전자,1114758177460.0,Technology,Consumer Electronics,https://www.samsung.com,,284000.0,208270.855,131782.001,115.507,74.993,73.777,58.681,289655.787,182944.213,1.311,255000.0,240800.0,188122.036,182023.247,False,False,False,False,False,False,False,,0
229640.KS,LS에코에너지,1920454740.0,Industrials,Electrical Equipment & Parts,https://www.lsecoenergy.com,,93400.0,55318.0,43187.815,116.265,74.663,72.771,70.814,105185.353,40614.647,0.748,83350.0,68675.0,43625.0,42775.686,False,False,False,False,False,False,False,,2
077360.KQ,덕산하이메탈,552472846.0,,,,,18110.0,13886.0,8306.2,118.03,61.569,58.801,58.801,20547.003,13485.997,0.403,18750.0,15725.0,11690.0,10265.0,False,False,False,False,False,False,False,,1
189300.KQ,인텔리안테크,1229886122.0,,,,,170600.0,131156.0,77226.074,120.91,67.399,63.839,53.125,170536.296,116403.704,0.851,155400.0,144300.0,124200.0,108350.0,False,False,False,False,False,False,False,,1
046890.KQ,서울반도체,692499447.0,Technology,Semiconductors,https://www.seoulsemicon.com,,17690.0,11544.8,7946.6,122.611,68.934,65.12,65.12,19806.632,7967.368,1.829,16255.0,13860.0,10572.5,10320.0,False,False,True,False,False,False,False,60.0,10
031330.KQ,에스에이엠티,634443866.0,Technology,Electronics & Computer Distribution,https://www.isamt.com,,9450.0,6117.2,4194.663,125.286,85.331,83.266,66.906,9233.034,5755.966,1.103,8280.0,7272.5,5280.0,5067.5,False,False,False,False,False,False,False,,1
218410.KQ,RFHIC,1877292800.0,,,,,105300.0,87376.0,46712.971,125.419,59.161,67.28,48.586,109546.852,87313.148,1.199,107750.0,104450.0,80800.0,65350.0,False,False,False,False,False,False,False,,0
CIEN,Ciena,81714150963.0,Technology,Communication Equipment,https://www.ciena.com,8898.0,577.9,450.705,256.047,125.701,65.801,65.688,60.409,592.16,462.755,0.619,557.165,526.59,389.923,340.16,False,False,False,False,False,False,False,,1
222800.KQ,심텍,2872514751.0,Technology,Semiconductors,https://www.simmtech.com,,114200.0,69664.0,50494.789,126.162,78.201,76.998,68.654,119058.283,60991.717,0.708,101950.0,85800.0,54537.5,54100.0,False,False,False,False,False,False,False,,0
006260.KS,LS,10829987512.0,Industrials,Electrical Equipment & Parts,https://www.lsholdings.com,,517000.0,328745.391,227503.512,127.249,71.061,70.279,70.279,586365.77,259984.23,0.786,493250.0,422000.0,266321.359,251680.13,False,False,False,False,False,False,False,,0
103590.KS,일진전기,4479049604.0,Industrials,Electrical Equipment & Parts,https://www.iljinelectric.co.kr,,139900.0,91630.0,61307.463,128.194,79.685,79.403,79.403,161166.712,63803.288,0.661,129750.0,110150.0,78500.0,77825.0,False,False,False,False,False,False,False,100.0,4
042700.KS,한미반도체,25629128184.0,Technology,Semiconductor Equipment & Materials,https://www.hanmisemi.com,714.0,400500.0,309736.579,175158.854,128.65,69.29,64.552,64.552,433567.31,248582.69,0.82,387000.0,336750.0,278698.938,249845.637,False,False,False,False,False,False,False,100.0,6
307950.KS,현대오토에버,12870354512.0,Technology,Information Technology Services,https://www.hyundai-autoever.com,,699000.0,430579.024,296413.624,135.819,80.319,74.781,53.812,642730.142,316519.858,2.977,580250.0,544000.0,447793.565,418751.43,False,False,True,False,False,False,False,100.0,4
WDC,Western Digital,126837476999.0,,,,,494.09,349.526,207.351,138.287,70.98,70.181,70.181,521.032,338.189,0.689,464.575,427.325,279.72,273.93,False,False,False,False,False,False,False,100.0,3
199800.KQ,툴젠,789228995.0,Healthcare,Biotechnology,https://www.toolgen.com,,130700.0,71602.0,54821.0,138.412,72.431,79.476,55.636,137069.676,64480.324,0.553,112400.0,98500.0,55662.5,54350.0,False,False,False,False,False,False,False,0.0,7
095610.KQ,테스,1592297673.0,,,,,122500.0,76582.0,51261.332,138.972,82.563,76.832,55.942,110487.161,73882.839,1.83,104050.0,92700.0,64125.0,63650.0,False,False,True,False,False,False,False,,0
319660.KQ,피에스케이,2168487472.0,Technology,Semiconductor Equipment & Materials,https://www.pskinc.com,,111500.0,82812.0,46541.343,139.572,65.508,60.882,56.332,113892.239,74987.761,0.942,102550.0,95750.0,76825.0,64025.0,False,False,False,False,False,False,False,,0
010060.KS,OCI홀딩스,4180501384.0,Financial Services,Asset Management,https://www.oci-holdings.co.kr,,333500.0,235040.0,139079.324,139.791,61.273,61.053,57.964,416524.221,222585.779,0.543,350250.0,290250.0,189175.0,172600.0,False,False,False,False,False,False,False,100.0,1
083450.KQ,GST,822867291.0,,,,,66500.0,37317.0,27693.919,140.125,84.913,83.298,75.324,66604.427,32840.573,0.87,57875.0,48150.0,29200.0,28175.0,False,False,False,False,False,False,False,,0
319400.KQ,현대무벡스,3264065275.0,Financial Services,Shell Companies,https://www.hyundaimovex.com,,43650.0,30472.0,18099.452,141.168,79.345,78.045,52.944,41125.578,24894.422,1.728,39575.0,36525.0,37050.0,28862.5,False,False,False,False,False,False,False,,0
000990.KS,DB하이텍,5421205256.0,Technology,Semiconductors,https://www.dbhitek.com,,185600.0,109626.496,75483.007,145.883,71.961,66.022,66.022,198079.227,90310.773,1.182,173600.0,142500.0,93302.648,84710.974,False,False,False,False,False,False,False,,0
007810.KS,코리아써키트,1672996346.0,Technology,Electronic Components,https://www.kcg.co.kr,,103900.0,76796.0,42113.554,146.714,66.225,61.361,58.306,104385.913,85224.087,0.612,98000.0,85850.0,70200.0,66100.0,False,False,False,False,False,False,False,0.0,3
STX,Seagate Technology,120917696696.0,,,,,817.35,522.257,330.623,147.215,78.927,78.319,78.319,883.06,462.633,0.517,752.305,664.49,408.321,399.828,False,False,False,False,False,False,False,100.0,5
LITE,Lumentum,80162786000.0,Technology,Communication Equipment,https://www.lumentum.com,10562.0,1030.37,806.15,413.813,148.994,61.362,58.934,53.255,1045.909,780.921,0.741,970.15,933.08,716.107,582.1,False,False,False,False,False,False,False,100.0,4
001440.KS,대한전선,8186846840.0,Industrials,Electrical Equipment & Parts,https://www.taihan.com,,65400.0,38288.0,25807.6,153.414,69.274,72.359,69.274,76467.732,26317.268,0.395,60650.0,51850.0,31225.0,30125.0,False,False,False,False,False,False,False,100.0,4
131290.KQ,티에스이,1407353732.0,,,,,189500.0,132408.0,74443.6,154.555,75.97,68.64,67.956,189853.574,141196.426,1.204,174850.0,147650.0,109100.0,92400.0,False,False,False,False,False,False,False,,1
010120.KS,LS ELECTRIC,28702447933.0,Industrials,Electrical Equipment & Parts,https://www.ls-electric.com,,285000.0,191714.0,111029.454,156.689,69.208,71.511,69.208,348192.5,145917.5,0.646,299000.0,244200.0,155100.0,139056.573,False,False,False,False,False,False,False,,1
033790.KQ,피노,847960701.0,Technology,Communication Equipment,https://www.skymoonstech.com/eng/main/,,15340.0,9528.7,5928.3,158.759,61.871,61.515,61.515,19161.77,7679.23,0.705,16145.0,13825.0,7650.0,7625.0,False,False,False,False,False,False,False,42.9,7
420770.KQ,기가비스,1081688739.0,Technology,Semiconductor Equipment & Materials,https://gigavis.com,,127100.0,85880.0,48421.552,162.486,75.698,69.558,60.614,121254.111,79195.889,1.375,113750.0,102300.0,77750.0,66825.0,False,False,False,False,False,False,False,100.0,3
322000.KS,HD현대에너지솔루션,1594177599.0,Technology,Solar,https://www.hd-hyundaies.co.kr,,212000.0,156190.0,80352.0,163.839,62.769,61.129,55.022,234128.918,146061.082,0.911,216000.0,199300.0,145000.0,120700.0,False,False,False,False,False,False,False,,0
336260.KS,두산퓨얼셀,4115838886.0,Industrials,Electrical Equipment & Parts,https://www.doosanfuelcell.com/en,,93600.0,47850.0,35372.5,164.612,82.225,81.922,69.311,97939.045,23965.955,0.433,78100.0,69050.0,39550.0,38475.0,False,False,False,False,False,False,False,100.0,0
MU,Micron Technology,906280915405.0,Technology,Semiconductors,https://www.micron.com,53000.0,803.63,472.119,300.605,167.337,81.345,79.403,67.917,813.938,338.554,1.165,664.44,608.555,391.316,370.72,False,False,False,False,False,False,False,100.0,3
082920.KQ,비츠로셀,1878211472.0,,,,,61700.0,41389.0,22770.875,170.96,67.75,66.82,63.264,64693.287,47996.713,1.224,59850.0,51700.0,32937.5,30300.0,False,False,False,False,False,False,False,,0
INTC,Intel,604577540000.0,Technology,Semiconductors,https://www.intel.com,85100.0,120.29,66.836,43.869,174.206,74.767,75.138,74.767,136.032,50.341,0.735,112.68,93.775,47.615,46.95,False,False,False,False,False,False,False,50.0,8
353200.KS,대덕전자,4741227177.0,Technology,Electronic Components,https://www.daeduck.com,,142900.0,89075.343,51515.09,177.394,78.293,72.172,67.27,139475.074,80364.926,1.087,126800.0,114500.0,76511.289,69004.333,False,False,False,False,False,False,False,0.0,3
043260.KQ,성호전자,2118989690.0,,,,,44500.0,44283.0,15715.41,183.162,49.776,54.962,44.032,55358.572,38116.428,0.749,45025.0,48675.0,42187.5,35845.0,False,False,False,False,False,False,False,60.0,10
011070.KS,LG이노텍,11965282842.0,Technology,Electronic Components,https://www.lginnotek.com,,753000.0,393598.019,264476.58,184.713,86.827,84.124,79.125,767814.703,312785.297,1.394,662500.0,538500.0,303472.716,288050.376,False,False,False,False,False,False,False,33.3,3
000660.KS,SK하이닉스,945535761061.0,Technology,Semiconductors,https://www.skhynix.com,,1976000.0,1120740.0,673083.363,193.574,86.553,84.01,70.433,1931285.983,851914.017,1.514,1635500.0,1429500.0,938250.0,912829.582,False,False,True,False,False,False,False,,1
440110.KQ,파두,3363512441.0,Technology,Semiconductors,https://www.fadu.io,,100000.0,64700.0,33387.0,199.518,74.324,71.675,67.232,103641.156,47338.844,0.884,89750.0,74700.0,56450.0,48025.0,False,False,False,False,False,False,False,,2
402340.KS,SK스퀘어,105430623558.0,Technology,Semiconductors,https://www.sksquare.com,,1188450.0,675159.431,391915.848,203.241,82.402,80.134,76.328,1245331.944,484412.056,1.278,1010681.841,854385.693,557772.527,546537.178,False,False,False,False,False,False,False,,1
131970.KQ,두산테스나,2361696040.0,,,,,182000.0,102208.991,59832.862,204.181,78.373,67.165,67.165,167873.081,87096.919,1.75,151750.0,134800.0,93590.263,83719.622,False,False,True,False,False,False,False,,2
009150.KS,삼성전기,51603854644.0,Technology,Electronic Components,https://www.samsungsem.com/global,,1029000.0,589710.0,318939.385,222.632,85.324,82.19,78.746,1045816.624,572383.376,1.324,934000.0,755000.0,425500.0,377250.0,False,False,False,False,False,False,False,0.0,3
047040.KS,대우건설,7986851338.0,Industrials,Engineering & Construction,https://www.daewooenc.com,,28950.0,21750.0,8586.825,237.144,51.364,55.057,51.364,37938.261,25331.739,0.21,32875.0,28645.0,15622.5,11917.5,False,False,False,False,False,False,False,,2
100790.KQ,미래에셋벤처투자,2054476856.0,,,,,57600.0,36199.0,17038.895,238.05,62.831,65.059,62.831,68524.869,37905.131,0.277,57050.0,46550.0,25900.0,22590.0,False,False,False,False,False,False,False,50.0,4
027360.KQ,아주IB투자,1277809032.0,,,,,15710.0,10395.7,4622.328,239.872,58.056,63.616,58.056,19726.948,10114.052,0.263,16765.0,13730.0,7755.0,6630.0,False,False,False,False,False,False,False,16.7,6
327260.KQ,RF머트리얼즈,671319970.0,Technology,Electronic Components,https://www.rf-materials.com,,117700.0,80741.0,34298.5,243.164,66.279,67.279,52.598,124129.696,82090.304,0.593,104950.0,97200.0,66025.0,51675.0,False,False,False,False,False,False,False,66.7,2
SNDK,Sandisk,134762639455.0,,,,,1447.23,890.14,408.425,254.344,69.778,70.183,69.529,1627.092,712.899,0.72,1324.0,1179.095,647.797,615.965,False,False,False,False,False,False,False,,0
036930.KQ,주성엔지니어링,5242865228.0,,,,,168000.0,86534.0,45562.251,268.726,81.571,78.778,76.518,177911.666,59308.334,0.424,145350.0,117875.0,70775.0,58025.0,False,False,False,False,False,False,False,100.0,3
010170.KQ,대한광통신,2583737351.0,Technology,Communication Equipment,https://www.taihanfiber.com,,24750.0,12753.6,4775.345,418.287,66.163,81.097,55.762,27391.733,9367.267,0.744,22980.0,21900.0,9222.5,7975.0,False,False,False,False,False,False,False,,0
000500.KS,가온전선,5609078081.0,Technology,Communication Equipment,https://www.gaoncable.com,,505000.0,169080.0,97420.724,418.37,81.981,96.63,81.981,542907.96,-6807.96,1.551,421000.0,367000.0,105475.0,102765.698,False,False,False,False,False,False,False,100.0,7
